[
{
    "type": "profession",
    "id": "biker",
    "name": "Road Warrior",
    "description": "You own little besides your life, the clothes on your back, and your ride.",
    "points": 2,
    "skills": [ { "level": 4, "name": "driving" }, { "level": 1, "name": "mechanics" } ],
    "items": {
      "both": {
        "items": [ "jeans", "tank_top", "chaps_leather", "socks", "boots", "bandana", "jacket_leather", "wristwatch", "multitool" ],
        "entries": [ { "item": "sheath", "contents-item": "knife_trench" } ]
      },
      "male": [ "boxer_shorts" ],
      "female": [ "bra", "boy_shorts" ]
    }
  },
{
    "type": "profession",
    "id": "nomad",
    "name": "Nomad",
    "description": "You were seperated from your tribe by a dust storm, and judging from the noises within it, won't be finding them anytime soon. But the tribe will never truly die as long as its last remaining member survives.",
    "points": 0,
  "proficiencies": [
      "prof_bowyery",
      "prof_fibers",
      "prof_fibers_rope",
      "prof_leatherworking_basic",
      "prof_bow_basic",
      "prof_bow_expert"
    ],
    "skills": [ { "level": 4, "name": "survival" }, { "level": 3, "name": "archery" }, { "level": 1, "name": "traps" } ],
 "traits": [ "NOMAD", "ILLITERATE" ],
    "items": {
      "both": {
        "items": [ "sleeping_bag_fur_roll", "boots_fur", "poncho"]
      },
      "male": [ "loincloth_leather" ],
      "female": [ "chestwrap", "loincloth_leather" ]
    },
    "flags": [ "SCEN_ONLY" ]
  },
{
    "type": "profession",
    "id": "survivalist",
    "name": "Survivor",
    "description": "Where others may have sunk into the sands, you survived by luck or sheer grit. Although if you don't refill your canteen soon you may join them.",
    "points": 4,
    "proficiencies": [
      "prof_gunsmithing_basic",
      "prof_gunsmithing_improv",
      "prof_bowyery",
      "prof_fibers",
      "prof_fibers_rope",
      "prof_leatherworking_basic",
      "prof_metalworking",
      "prof_lockpicking",
      "prof_bow_basic",
      "prof_bow_expert"
    ],
    "skills": [
      { "level": 4, "name": "survival" },
      { "level": 2, "name": "traps" },
      { "level": 2, "name": "fabrication" },
      { "level": 2, "name": "cooking" },
      { "level": 2, "name": "chemistry" },
      { "level": 2, "name": "firstaid" }
    ],
    "items": {
      "both": {
        "items": [
          "pants_cargo",
          "boots",
          "hat_boonie",
          "tshirt",
          "jacket_light",
          "socks",
          "backpack",
          "rope_30",
          "whistle",
          "wristwatch",
          "canteen"
        ],
        "entries": [
          { "item": "lighter", "charges": 100 },
          { "item": "knife_rambo", "container-item": "scabbard" }
        ]
      },
      "male": [ "boxer_shorts" ],
      "female": [ "bra", "boxer_shorts" ]
    }
  },
{
    "type": "profession",
    "id": "gunslinger",
    "name": "Gunslinger",
    "description": "It's high noon somewhere in the world.",
    "points": 4,
    "proficiencies": [ "prof_gunsmithing_basic" ],
    "skills": [
      { "level": 4, "name": "gun" },
      { "level": 3, "name": "pistol" },
      { "level": 2, "name": "shotgun" },
      { "level": 1, "name": "survival" }
    ],
    "items": {
      "both": {
        "items": [
          "under_armor",
          "under_armor_shorts",
          "cowboy_hat",
          "socks",
          "jeans",
          "chaps_leather",
          "gloves_leather",
          "boots_western",
          "duster",
          "badge_deputy",
          "sheriffshirt"
        ],
        "entries": [
          { "item": "ear_plugs", "custom-flags": [ "no_auto_equip" ] },
          { "item": "whiskey", "container-item": "bottle_glass" },
          {
            "item": "colt_saa",
            "ammo-item": "45colt_jhp",
            "charges": 6,
            "container-item": "western_holster",
            "contents-group": "bandolier_ww_gunslinger"
          }
        ]
      }
    }
  }
]
