[
  {
    "type": "scenario",
    "id": "wilderness",
    "name": "Survivor",
    "points": 0,
    "description": "The dust sprawls out before you.",
    "start_name": "Wilderness",
    "allowed_locs": [ "sloc_field" ],
"professions": [ "biker", "gunslinger", "emt" ],
    "flags": [ "LONE_START" ]
  },
 {
    "type": "scenario",
    "id": "vechstart",
    "name": "Road Warrior",
    "points": 4,
    "description": "You own little besides your life, the clothes on your back, and your ride.",
    "start_name": "Road Warrior",
    "allowed_locs": [ "sloc_exposed_road" ],
"professions": [ "biker" ],
    "flags": [ "LONE_START" ]
  },
 {
    "type": "scenario",
    "id": "nomad",
    "name": "Nomad",
    "points": -4,
    "description": "You were seperated from your tribe by a dust storm, and judging from the noises within it, won't be finding them anytime soon. But the tribe will never truly die as long as its last remaining member survives.",
    "start_name": "Road Warrior",
    "allowed_locs": [ "sloc_field" ],
"professions": [ "nomad" ],
    "flags": [ "LONE_START", "CHALLENGE" ]
  }
]
