[
  {
    "type": "palette",
    "id": "hospital",
    "terrain": {
      " ": "t_region_groundcover_urban",
      "#": "t_wall",
      ":": "t_pavement_y",
      "&": "t_floor",
      ".": "t_floor",
      "b": "t_floor",
      "c": "t_floor",
      "d": "t_floor",
      "k": "t_floor",
      "f": "t_floor",
      "l": "t_floor",
      "L": "t_floor",
      "w": "t_window",
      "B": "t_floor",
      "C": "t_floor",
      "o": "t_floor",
      "D": "t_floor",
      "F": "t_floor",
      "4": "t_floor",
      "r": "t_floor",
      "R": "t_floor",
      "T": "t_floor",
      "_": "t_pavement",
      "/": "t_door_glass_c",
      ";": "t_door_locked",
      "s": "t_floor",
      "x": "t_wall_glass",
      "`": "t_thconc_floor",
      "+": "t_door_c",
      "!": "t_door_locked_interior",
      "*": "t_floor",
      "6": "t_floor",
      "7": "t_floor",
      "S": "t_floor",
      "2": "t_floor",
      "8": "t_floor",
      "9": "t_floor",
      "A": "t_floor",
      "?": "t_floor"
    },
    "furniture": {
      "*": "f_centrifuge",
      "6": "f_console",
      "7": "f_console",
      "b": "f_bench",
      "c": "f_chair",
      "B": "f_bed",
      "f": "f_fridge",
      "d": "f_desk",
      "k": "f_bookcase",
      "C": "f_counter",
      "S": "f_sofa",
      "s": "f_sink",
      "o": "f_oven",
      "4": "f_rack",
      "r": "f_rack",
      "R": "f_rack",
      "8": "f_locker",
      "l": "f_locker",
      "L": "f_locker",
      "2": "f_table",
      "T": "f_table",
      "9": "f_table",
      "&": "f_toilet",
      "A": "f_autodoc",
      "?": "f_autodoc_couch"
    },
    "toilets": { "&": {  } }
  },
  {
    "type": "palette",
    "id": "hospital_2",
    "terrain": {
      "%": [ "t_region_shrub", "t_region_shrub_fruit", "t_region_shrub_decorative" ],
      "[": [ [ "t_region_tree_fruit", 2 ], [ "t_region_tree_nut", 2 ], "t_region_tree_shade" ],
      ",": "t_region_groundcover_urban",
      "!": "t_region_groundcover_urban",
      "_": "t_pavement",
      "˽": "t_pavement_y",
      ";": "t_sidewalk",
      "#": "t_strconc_wall",
      "+": "t_door_c",
      "|": "t_wall_w",
      "o": "t_laminated_glass",
      "°": "t_flat_roof",
      "*": "t_laminated_door_glass_c",
      "$": "t_door_metal_c",
      "&": "t_elevator_control_off",
      "~": "t_elevator",
      ">": "t_stairs_down",
      "<": "t_stairs_up",
      " ": "t_linoleum_white",
      "`": "t_thconc_floor",
      "ɔ": "t_sidewalk",
      "(": "t_door_metal_locked",
      ")": "t_card_reader_broken",
      ".": "t_sand",
      "-": "t_open_air_rooved"
    },
    "vendingmachines": { "R": { "item_group": "vending_drink" }, "S": { "item_group": "vending_food" } },
    "furniture": {
      "A": "f_stool",
      "B": "f_locker",
      "C": "f_filing_cabinet",
      "D": "f_glass_cabinet",
      "E": "f_armchair",
      "F": "f_utility_shelf",
      "G": "f_washer",
      "H": "f_sofa",
      "I": "f_dryer",
      "J": "f_cupboard",
      "K": "f_bookcase",
      "L": "f_sink",
      "M": "f_oven",
      "N": "f_lab_bench",
      "O": "f_sample_freezer",
      "P": "f_rack",
      "Q": "f_rack",
      "U": "f_console_broken",
      "V": "f_coffee_table",
      "W": "f_shower",
      "X": "f_glass_cabinet",
      "Y": "f_counter_gate_c",
      "Z": "f_null",
      "1": "f_fume_hood",
      "2": "f_shaker",
      "3": "f_eyewash",
      "4": "f_IV_pole",
      "5": "f_centrifuge",
      "6": "f_console",
      "7": "f_HPLC",
      "8": "f_GC",
      "9": "f_MS",
      "0": "f_NMR",
      "a": "f_electron_microscope",
      "b": "f_CTscan",
      "c": "f_MRI",
      "d": "f_scan_bed",
      "e": "f_anesthetic",
      "f": "f_dialysis",
      "g": "f_ventilator",
      "h": "f_chair",
      "i": "f_bench",
      "j": "f_curtain",
      "k": "f_curtain_open",
      "l": "f_autodoc",
      "m": "f_autodoc_couch",
      "n": "f_autoclave",
      "p": "f_fridge",
      "q": "f_glass_fridge",
      "r": "f_table",
      "s": "f_table",
      "t": "f_counter",
      "u": "f_counter",
      "v": "f_desk",
      "w": "f_desk",
      "x": "f_table",
      "y": [ "f_indoor_plant_y", "f_indoor_plant" ],
      "z": "f_trashcan"
    },
    "toilets": { "T": {  } },
    "vehicles": {
      "ɱ": { "vehicle": "laundry_cart", "chance": 100, "rotation": 90 },
      "ƃ": { "vehicle": "wheelchair", "chance": 100, "rotation": 90 },
      "ɔ": { "vehicle": "wheelchair", "chance": 100, "rotation": 90 },
      "Ƨ": { "vehicle": "swivel_chair", "chance": 100, "rotation": 0 },
      "^": { "vehicle": "hospital_bed", "chance": 100, "rotation": 0 },
      "Я": { "vehicle": "hospital_bed", "chance": 100, "rotation": 90 },
      "Г": { "vehicle": "hospital_bed", "chance": 100, "rotation": 180 },
      "ւ": { "vehicle": "hospital_bed", "chance": 100, "rotation": 270 }
    }
  }
]
