[
  {
    "type": "palette",
    "id": "school_palette",
    "terrain": {
      "*": "t_open_air",
      "~": "t_open_air_rooved",
      "H": "t_glass_railing",
      " ": "t_soil",
      "b": "t_soil",
      "$": "t_soil",
      ";": "t_soil",
      "+": "t_door_c",
      "i": "t_linoleum_gray",
      "e": "t_linoleum_gray",
      "O": "t_linoleum_gray",
      "W": "t_linoleum_gray",
      "S": "t_linoleum_gray",
      "T": "t_linoleum_gray",
      "U": "t_linoleum_gray",
      "C": "t_linoleum_gray",
      "g": "t_linoleum_gray",
      "k": "t_linoleum_gray",
      "-": "t_wall_glass",
      "G": "t_chaingate_c",
      "L": "t_soil",
      "_": "t_soil",
      "f": "t_chainfence_h",
      "s": "t_soil",
      "w": "t_window",
      "|": "t_wall_y",
      "I": "t_column",
      ",": "t_floor_waxed",
      ":": "t_floor_waxed_y",
      "7": "t_backboard_in",
      "m": "t_monkey_bars",
      "/": "t_slide",
      "=": "t_sandbox",
      "<": "t_stairs_down",
      ">": "t_stairs_up",
      "z": "t_tar_flat_roof",
      "u": "t_tile_flat_roof",
      "Z": "t_glass_roof",
      "1": "t_gutter_west",
      "2": "t_gutter_east",
      "3": "t_gutter_north",
      "4": "t_gutter_south",
      "5": "t_gutter_drop",
      "[": "t_thconc_floor",
      "]": "t_thconc_floor",
      "0": "t_thconc_floor",
      "'": "t_thconc_floor",
      "y": "t_door_locked_interior",
      "j": "t_sewage_pipe"
    },
    "furniture": {
      "x": "f_console_broken",
      "%": "f_curtain",
      "@": "f_bed",
      "#": "f_bench",
      "b": "f_bench",
      "?": "f_sofa",
      "S": "f_sink",
      "T": "f_toilet",
      "n": "f_table",
      "c": "f_counter",
      "C": "f_counter",
      "d": "f_desk",
      "D": "f_desk",
      "e": "f_fridge",
      "g": "f_locker",
      "h": "f_chair",
      "M": "f_armchair",
      "k": "f_locker",
      "l": "f_locker",
      "o": "f_bookcase",
      "O": "f_oven",
      "U": "f_cupboard",
      "W": "f_dishwasher",
      "r": "f_rack",
      "p": "f_rack",
      "R": "f_utility_shelf",
      "t": "f_table",
      "Y": "f_rack_coat",
      "B": "f_bulletin",
      "F": "f_filing_cabinet",
      "a": "f_trashcan",
      "A": "f_glass_cabinet",
      "^": [ "f_indoor_plant", "f_indoor_plant_y" ],
      "[": "f_home_furnace",
      "]": "f_water_heater",
      "0": "f_standing_tank",
      "!": "f_server",
      "{": "f_small_satelitte_dish",
      "K": "f_TV_antenna",
      "E": "f_air_conditioner"
    },
    "toilets": { "T": {  } },
    "items": {
      "a": { "item": "fast_food", "chance": 95 },
      ".": { "item": "school", "chance": 1 },
      "d": { "item": "school", "chance": 50 },
      "D": { "item": "office", "chance": 40, "repeat": [ 1, 2 ] },
      "e": [ { "item": "fridge", "chance": 65, "repeat": [ 1, 3 ] }, { "item": "fridgesnacks", "chance": 15 } ],
      "g": { "item": "cleaning", "chance": 80, "repeat": [ 1, 3 ] },
      "k": { "item": "chem_school", "chance": 80, "repeat": [ 1, 4 ] },
      "l": { "item": "school", "chance": 60 },
      "o": { "item": "book_school", "chance": 100 },
      "r": [ { "item": "snacks", "chance": 10, "repeat": [ 1, 2 ] }, { "item": "cannedfood", "chance": 60, "repeat": [ 1, 3 ] } ],
      "p": { "item": "gym_school", "chance": 70, "repeat": [ 1, 5 ] },
      "R": { "item": "tools_plumbing", "chance": 55, "repeat": [ 1, 2 ] },
      "t": { "item": "dining", "chance": 33, "repeat": [ 1, 2 ] },
      "u": { "item": "child_items", "chance": 1 },
      "F": { "item": "file_room", "chance": 85, "repeat": [ 1, 4 ] },
      "U": [
        { "item": "snacks", "chance": 10, "repeat": [ 1, 2 ] },
        { "item": "cannedfood", "chance": 70, "repeat": [ 1, 3 ] },
        { "item": "dining", "chance": 5, "repeat": [ 1, 3 ] }
      ]
    },
    "vendingmachines": { "8": { "item_group": "vending_drink", "lootable": true }, "9": { "item_group": "vending_food", "lootable": true } },
    "computers": {
      "6": {
        "name": "School Bell Software 1.1",
        "options": [
          { "name": "Beginning Toll", "action": "toll" },
          { "name": "Ending Toll", "action": "toll" },
          { "name": "Emergency Toll", "action": "toll" }
        ]
      }
    }
  }
]
