[
{
    "id": "mon_sandshark",
    "type": "MONSTER",
    "name": { "str": "Sandshark" },
    "description": "All you can make out in the rapidly approaching sand spray is the ocassional flash of razor sharp teeth and a glint of tiny mishapen eyes.",
    "default_faction": "fish",
    "bodytype": "fish",
    "species": [ "FISH" ],
    "volume": "62500 ml",
    "weight": "81500 g",
    "hp": 250,
    "speed": 150,
    "material": [ "flesh" ],
    "symbol": "^",
    "color": "white_magenta",
    "aggression": 100,
    "morale": 105,
    "melee_skill": 7,
    "melee_dice": 3,
    "melee_dice_sides": 6,
    "melee_cut": 8,
    "dodge": 5,
    "armor_bash": 6,
    "armor_cut": 2,
    "armor_bullet": 2,
    "luminance": 0,
    "harvest": "mutant_fish",
    "flags": [
      "SEES",
"ANIMAL",
"DIGS",
      "HEARS",
"LOUDMOVES",
"PET_MOUNTABLE",
"PUSH_MON",
      "WARM"
    ]
  }
]