[ 
{
    "type": "overmap_special",
    "id": "apartments_con_new",
    "locations": [ "land" ],
    "overmaps": [
      { "point": [ 1, 1, 1 ], "overmap": "apartments_con_tower_110_south" },
      { "point": [ 0, 1, 1 ], "overmap": "apartments_con_tower_010_south" },
      { "point": [ 1, 0, 1 ], "overmap": "apartments_con_tower_100_south" },
      { "point": [ 0, 0, 1 ], "overmap": "apartments_con_tower_000_south" },
      { "point": [ 1, 1, 2 ], "overmap": "apartments_con_tower_111_south" },
      { "point": [ 0, 1, 2 ], "overmap": "apartments_con_tower_011_south" },
      { "point": [ 1, 0, 2 ], "overmap": "apartments_con_tower_101_south" },
      { "point": [ 0, 0, 2 ], "overmap": "apartments_con_tower_001_south" },
      { "point": [ 1, 1, 3 ], "overmap": "apartments_con_tower_113_south" },
      { "point": [ 0, 1, 3 ], "overmap": "apartments_con_tower_013_south" },
      { "point": [ 1, 0, 3 ], "overmap": "apartments_con_tower_102_south" },
      { "point": [ 0, 0, 3 ], "overmap": "apartments_con_tower_002_south" },
      { "point": [ 1, 1, 4 ], "overmap": "apartments_con_tower_112_south" },
      { "point": [ 0, 1, 4 ], "overmap": "apartments_con_tower_012_south" },
      { "point": [ 1, 0, 4 ], "overmap": "apartments_con_tower_102_south" },
      { "point": [ 0, 0, 4 ], "overmap": "apartments_con_tower_002_south" },
      { "point": [ 1, 1, 5 ], "overmap": "apartments_con_tower_113_south" },
      { "point": [ 0, 1, 5 ], "overmap": "apartments_con_tower_013_south" },
      { "point": [ 1, 0, 5 ], "overmap": "apartments_con_tower_102_south" },
      { "point": [ 0, 0, 5 ], "overmap": "apartments_con_tower_002_south" },
      { "point": [ 1, 1, 6 ], "overmap": "apartments_con_tower_112_south" },
      { "point": [ 0, 1, 6 ], "overmap": "apartments_con_tower_012_south" },
      { "point": [ 1, 0, 6 ], "overmap": "apartments_con_tower_102_south" },
      { "point": [ 0, 0, 6 ], "overmap": "apartments_con_tower_002_south" },
      { "point": [ 1, 1, 7 ], "overmap": "apartments_con_tower_114_south" },
      { "point": [ 0, 1, 7 ], "overmap": "apartments_con_tower_014_south" },
      { "point": [ 0, 1, 8 ], "overmap": "apartments_con_tower_015_south" },
      { "point": [ 1, 0, 7 ], "overmap": "apartments_con_tower_104_south" },
      { "point": [ 0, 0, 7 ], "overmap": "apartments_con_tower_004_south" }
    ],

"occurrences": [ 0, 5 ]
}
]