[
{
    "id": "urban_35_hospital",
    "type": "overmap_special",
    "locations": [ "land" ],
    "overmaps": [
      { "point": [ 1, 1, 1 ], "overmap": "urban_35_9_south" },
      { "point": [ 0, 1, 1 ], "overmap": "urban_35_10_south" },
      { "point": [ 1, 0, 1 ], "overmap": "urban_35_11_south" },
      { "point": [ 0, 0, 1 ], "overmap": "urban_35_12_south" },
      { "point": [ 1, 1, 2 ], "overmap": "urban_35_13_south" },
      { "point": [ 0, 1, 2 ], "overmap": "urban_35_14_south" },
      { "point": [ 1, 0, 2 ], "overmap": "urban_35_15_south" },
      { "point": [ 0, 0, 2 ], "overmap": "urban_35_16_south" },
      { "point": [ 1, 1, 3 ], "overmap": "urban_35_17_south" },
      { "point": [ 0, 1, 3 ], "overmap": "urban_35_18_south" },
      { "point": [ 1, 0, 3 ], "overmap": "urban_35_19_south" },
      { "point": [ 0, 0, 3 ], "overmap": "urban_35_20_south" },
      { "point": [ 1, 1, 4 ], "overmap": "urban_35_21_south" },
      { "point": [ 0, 1, 4 ], "overmap": "urban_35_22_south" },
      { "point": [ 1, 0, 4 ], "overmap": "urban_35_23_south" },
      { "point": [ 0, 0, 4 ], "overmap": "urban_35_24_south" },
      { "point": [ 1, 1, 5 ], "overmap": "urban_35_25_south" },
      { "point": [ 0, 1, 5 ], "overmap": "urban_35_26_south" },
      { "point": [ 1, 0, 5 ], "overmap": "urban_35_27_south" },
      { "point": [ 0, 0, 5 ], "overmap": "urban_35_28_south" },
      { "point": [ 1, 1, 6 ], "overmap": "urban_35_29_south" },
      { "point": [ 0, 1, 6 ], "overmap": "urban_35_30_south" },
      { "point": [ 1, 0, 6 ], "overmap": "urban_35_31_south" },
      { "point": [ 0, 0, 6 ], "overmap": "urban_35_32_south" },
      { "point": [ 1, 0, 7 ], "overmap": "urban_35_33_south" }
    ],

"occurrences": [ 0, 1 ]
}
]