[
{
    "type": "overmap_special",
    "id": "Lighthouse Island",
    "locations": [ "land" ],
    "overmaps": [
     { "point": [ 1, 1, 1 ], "overmap": "lighthouse_ground_north" },
      { "point": [ 1, 1, 2 ], "overmap": "lighthouse_z1_north" },
      { "point": [ 1, 1, 3 ], "overmap": "lighthouse_z2_north" },
      { "point": [ 1, 1, 4 ], "overmap": "lighthouse_z3_north" },
      { "point": [ 1, 1, 5 ], "overmap": "lighthouse_z4_north" },
      { "point": [ 1, 1, 6 ], "overmap": "lighthouse_z5_north" },
      { "point": [ 1, 1, 7 ], "overmap": "lighthouse_roof_north" }
    ],
    "occurrences": [ 0, 1 ]
  }
]