[ 
{
    "type": "overmap_special",
    "id": "school",
    "locations": [ "land" ],
    "overmaps": [
      
      { "point": [ 0, 0, 1 ], "overmap": "school_2_3_north" },
      { "point": [ 1, 0, 1 ], "overmap": "school_2_2_north" },
      { "point": [ 2, 0, 1 ], "overmap": "school_2_1_north" },
      { "point": [ 0, 1, 1 ], "overmap": "school_2_6_north" },
      { "point": [ 1, 1, 1 ], "overmap": "school_2_5_north" },
      { "point": [ 2, 1, 1 ], "overmap": "school_2_4_north" },
      { "point": [ 0, 2, 1 ], "overmap": "school_2_9_north" },
      { "point": [ 1, 2, 1 ], "overmap": "school_2_8_north" },
      { "point": [ 2, 2, 1 ], "overmap": "school_2_7_north" },
      { "point": [ 0, 0, 2 ], "overmap": "school_3_3_north" },
      { "point": [ 1, 0, 2 ], "overmap": "school_3_2_north" },
      { "point": [ 2, 0, 2 ], "overmap": "school_3_1_north" },
      { "point": [ 0, 1, 2 ], "overmap": "school_3_6_north" },
      { "point": [ 1, 1, 2 ], "overmap": "school_3_5_north" },
      { "point": [ 2, 1, 2 ], "overmap": "school_3_4_north" },
      { "point": [ 0, 2, 2 ], "overmap": "school_3_9_north" },
      { "point": [ 1, 2, 2 ], "overmap": "school_3_8_north" },
      { "point": [ 2, 2, 2 ], "overmap": "school_3_7_north" },
      { "point": [ 0, 0, 3 ], "overmap": "school_4_3_north" },
      { "point": [ 1, 0, 3 ], "overmap": "school_4_2_north" },
      { "point": [ 2, 0, 3 ], "overmap": "school_4_1_north" },
      { "point": [ 0, 1, 3 ], "overmap": "school_4_6_north" },
      { "point": [ 1, 1, 3 ], "overmap": "school_4_5_north" },
      { "point": [ 2, 1, 3 ], "overmap": "school_4_4_north" },
      { "point": [ 0, 2, 3 ], "overmap": "school_4_9_north" },
      { "point": [ 1, 2, 3 ], "overmap": "school_4_8_north" },
      { "point": [ 2, 2, 3 ], "overmap": "school_4_7_north" }
    ],

"occurrences": [ 0, 1 ]
}
]