[
  {
    "method": "json",
    "object": {
      "fill_ter": "t_floor",
      "rows": [
         "************************************************",
        "***|------|-|-|ww---|******|---ww|-|-|------|***",
        "***|.dBBd.+r|u+..e3u|******|u3e..+u|r+.dBBd.|***",
        "***w..BB..|-|-|..ii2|******|2ii..|-|-|..BB..w***",
        "***w.h....|STb|..iiO|******|Oii..|bTS|......w***",
        "***|CxC...+iib|j.uu1|******|uu1.j|bii+....X.|***",
        "***|--|-+-|-+-|..lll|-WWWW-|lll..|-+-|-+-|--|***",
        "***R,,+......nt.....|^.....|........nt...+,,R***",
        "***R,,w..F..........D......D.............w,,R***",
        "***R,,w..F.......|+-|p....p|-+|..........w,,R***",
        "***R,Q|..F.I.FFF^|.Y|......|Y.|oo.FFFFI.^|Q,R***",
        "***|------|-|-|--|--|......|--|--|-|-|------|***",
        "***|.dBBd.+r|u+..e3u|......|u3e..+u|r+.dBBd.|***",
        "***w..BB..|-|-|..ii2|......|2ii..|-|-|..BB..w***",
        "***w......|STb|..iiO|......|Oii..|bTS|......w***",
        "***|oX....+iib|j.uu1|......|uu1.j|bii+....X.|***",
        "***|--|-+-|-+-|..lll|.....^|lll..|-+-|-+-|--|***",
        "***R,,+...tn........|p....p|.........nt..+,,R***",
        "***R,,w.............D......D......A......w,,R***",
        "***R,,w..A.....FI|+-|......|-+|..........w,,R***",
        "***R,Q|.....FFFF^|.Y|......|Y.|^...IFFF.o|Q,R***",
        "***|------------||--|......|--||------------|***",
        "***|%%%%%%%%%%%%|>,,G......=EEx|%%%%%%%%%%%%|***",
        "***|%%%%%%%%%%%%|<,,G......=EEE|%%%%%%%%%%%%|***",
        "***|------|-|-|-|---|......|---|-|-|-|------|***",
        "***|.dBBd.+r|u+..e3u|......|u3e..+u|r+.dBBd.|***",
        "***w..BB..|-|-|..ii2|......|2ii..|-|-|..BB..w***",
        "***w......|STb|..iiO|......|Oii..|bTS|......w***",
        "***|oo....+iib|..uu1|^.....|uu1.j|bii+....X.|***",
        "***|--|-+-|-+-|..lll|......|lll..|-+-|-+-|--|***",
        "***R,,+...tn........|......|........nt...+,,R***",
        "***R,,w.............D......D.............w,,R***",
        "***R,,w..A....A..|+-|p....p|-+|I..htth...w,,R***",
        "***R,Q|...FFFI..^|.Y|......|Y.|^..htth.oo|Q,R***",
        "***|------|-|-|--|--|......|--|--|-|-|------|***",
        "***|.dBBd.+r|u+..e3u|......|u3e..+u|r+.dBBd.|***",
        "***w..BB..|-|-|..ii2|.....^|2ii..|-|-|..BB..w***",
        "***w......|STb|..iiO|......|Oii..|bTS|......w***",
        "***|.X....+iib|j.uu1|......|uu1.j|bii+....X.|***",
        "***|--|-+-|-+-|^.lll|......|lll..|-+-|-+-|--|***",
        "***R,,+...A..nt.....|p....p|........tn...+,,R***",
        "***R,,w.............D......D...........A.w,,R***",
        "***R,,w.........o|+-|-WWWW-|-+|..A...h...w,,R***",
        "***R,Q|..A.FFFI.o|.Y|******|Y.|o...ICxC.^|Q,R***",
        "***|RR|--ww---ww-|--|******|--|-ww---ww--|RR|***",
        "************************************************",
        "************************************************",
        "************************************************"
      ],
      "palettes": [ "apartment_palette_floor" ],
      "terrain": { ".": "t_floor" },
      "place_monsters": [
        { "monster": "GROUP_ZOMBIE", "x": [ 4, 23 ], "y": [ 2, 23 ], "repeat": [ 1, 2 ] },
        { "monster": "GROUP_ZOMBIE", "x": [ 24, 43 ], "y": [ 2, 23 ], "repeat": [ 1, 2 ] },
        { "monster": "GROUP_ZOMBIE", "x": [ 4, 23 ], "y": [ 24, 43 ], "repeat": [ 1, 2 ] },
        { "monster": "GROUP_ZOMBIE", "x": [ 24, 43 ], "y": [ 24, 43 ], "repeat": [ 1, 2 ] }
      ]
    },
    "om_terrain": [
      [ "apartments_con_tower_110", "apartments_con_tower_010" ],
      [ "apartments_con_tower_100", "apartments_con_tower_000" ]
    ],
    "type": "mapgen",
    "weight": 250
  },
  {
    "method": "json",
    "object": {
      "fill_ter": "t_floor",
      "rows": [
        "************************************************",
        "***|------|-|-|ww---|******|---ww|-|-|------|***",
        "***|.dBBd.+r|u+..e3u|zzzzzz|u3e..+u|r+.dBBd.|***",
        "***w..BB..|-|-|..ii2|zzzzzz|2ii..|-|-|..BB..w***",
        "***w.h....|STb|..iiO|zzzzzz|Oii..|bTS|......w***",
        "***|CxC...+iib|j.uu1|zzzzzz|uu1.j|bii+....X.|***",
        "***|--|-+-|-+-|..lll|-WW-D-|lll..|-+-|-+-|--|***",
        "***R,,+......nt.....|^.....|........nt...+,,R***",
        "***R,,w..F..........D......D.............w,,R***",
        "***R,,w..F.......|+-|p....p|-+|..........w,,R***",
        "***R,Q|..F.I.FFF^|.Y|......|Y.|oo.FFFF..^|Q,R***",
        "***|------|-|-|--|--|......|--|--|-|-|------|***",
        "***|.dBBd.+r|u+..e3u|......|u3e..+u|r+.dBBd.|***",
        "***w..BB..|-|-|..ii2|......|2ii..|-|-|..BB..w***",
        "***w......|STb|..iiO|......|Oii..|bTS|......w***",
        "***|oX....+iib|j.uu1|......|uu1.j|bii+....X.|***",
        "***|--|-+-|-+-|..lll|.....^|lll..|-+-|-+-|--|***",
        "***R,,+...tn........|p....p|.........nt..+,,R***",
        "***R,,w.............D......D......A......w,,R***",
        "***R,,w..A.....FI|+-|......|-+|..........w,,R***",
        "***R,Q|.....FFFF^|.Y|......|Y.|^...IFFF.o|Q,R***",
        "***|------------||--|......|--||------------|***",
        "***|%%%%%%%%%%%%|<,,G......=EEx|%%%%%%%%%%%%|***",
        "***|%%%%%%%%%%%%|>,,G......=EEE|%%%%%%%%%%%%|***",
        "***|------|-|-|-|---|......|---|-|-|-|------|***",
        "***|.dBBd.+r|u+..e3u|......|u3e..+u|r+.dBBd.|***",
        "***w..BB..|-|-|..ii2|......|2ii..|-|-|..BB..w***",
        "***w......|STb|..iiO|......|Oii..|bTS|......w***",
        "***|oo....+iib|j.uu1|^.....|uu1.j|bii+....X.|***",
        "***|--|-+-|-+-|..lll|......|lll..|-+-|-+-|--|***",
        "***R,,+...tn........|......|........nt...+,,R***",
        "***R,,w.............D......D.............w,,R***",
        "***R,,w..A....A..|+-|p....p|-+|I..htth...w,,R***",
        "***R,Q|...FFFI..^|.Y|......|Y.|^..htth.oo|Q,R***",
        "***|------|-|-|--|--|......|--|--|-|-|------|***",
        "***|.dBBd.+r|u+..e3u|......|u3e..+u|r+.dBBd.|***",
        "***w..BB..|-|-|..ii2|.....^|2ii..|-|-|..BB..w***",
        "***w......|STb|..iiO|......|Oii..|bTS|......w***",
        "***|.X....+iib|j.uu1|......|uu1.j|bii+....X.|***",
        "***|--|-+-|-+-|^.lll|......|lll..|-+-|-+-|--|***",
        "***R,,+...A..nt.....|p....p|........tn...+,,R***",
        "***R,,w.............D......D...........A.w,,R***",
        "***R,,w.........o|+-|-WWWW-|-+|..A...h...w,,R***",
        "***R,Q|..A.FFFI.o|.Y|zzzzzz|Y.|o...ICxC.^|Q,R***",
        "***|RR|--ww---ww-|--|zzzzzz|--|-ww---ww--|RR|***",
        "************************************************",
        "************************************************",
        "************************************************"
      ],
      "palettes": [ "apartment_palette" ],
      "place_monsters": [
        { "monster": "GROUP_ZOMBIE", "x": [ 4, 23 ], "y": [ 2, 23 ], "repeat": [ 1, 2 ] },
        { "monster": "GROUP_ZOMBIE", "x": [ 24, 43 ], "y": [ 2, 23 ], "repeat": [ 1, 2 ] },
        { "monster": "GROUP_ZOMBIE", "x": [ 4, 23 ], "y": [ 24, 43 ], "repeat": [ 1, 2 ] },
        { "monster": "GROUP_ZOMBIE", "x": [ 24, 43 ], "y": [ 24, 43 ], "repeat": [ 1, 2 ] }
      ]
    },
    "om_terrain": [
      [ "apartments_con_tower_111", "apartments_con_tower_011" ],
      [ "apartments_con_tower_101", "apartments_con_tower_001" ]
    ],
    "type": "mapgen",
    "weight": 250
  },
  {
    "method": "json",
    "object": {
      "fill_ter": "t_floor",
      "rows": [
        "************************************************",
        "***|------|-|-|ww---|******|---ww|-|-|------|***",
        "***|.dBBd.+r|u+..e3u|******|u3e..+u|r+.dBBd.|***",
        "***w..BB..|-|-|..ii2|******|2ii..|-|-|..BB..w***",
        "***w.h....|STb|..iiO|******|Oii..|bTS|......w***",
        "***|CxC...+iib|j.uu1|******|uu1.j|bii+....X.|***",
        "***|--|-+-|-+-|..lll|-WWWW-|lll..|-+-|-+-|--|***",
        "***R,,+......nt.....|^.....|........nt...+,,R***",
        "***R,,w..F..........D......D.............w,,R***",
        "***R,,w..F.......|+-|p....p|-+|..........w,,R***",
        "***R,Q|..F.I.FFF^|.Y|......|Y.|oo.FFFFI.^|Q,R***",
        "***|------|-|-|--|--|......|--|--|-|-|------|***",
        "***|.dBBd.+r|u+..e3u|......|u3e..+u|r+.dBBd.|***",
        "***w..BB..|-|-|..ii2|......|2ii..|-|-|..BB..w***",
        "***w......|STb|..iiO|......|Oii..|bTS|......w***",
        "***|oX....+iib|j.uu1|......|uu1.j|bii+....X.|***",
        "***|--|-+-|-+-|..lll|.....^|lll..|-+-|-+-|--|***",
        "***R,,+...tn........|p....p|.........nt..+,,R***",
        "***R,,w.............D......D......A......w,,R***",
        "***R,,w..A.....FI|+-|......|-+|..........w,,R***",
        "***R,Q|.....FFFF^|.Y|......|Y.|^...IFFF.o|Q,R***",
        "***|------------||--|......|--||------------|***",
        "***|%%%%%%%%%%%%|>,,G......=EEx|%%%%%%%%%%%%|***",
        "***|%%%%%%%%%%%%|<,,G......=EEE|%%%%%%%%%%%%|***",
        "***|------|-|-|-|---|......|---|-|-|-|------|***",
        "***|.dBBd.+r|u+..e3u|......|u3e..+u|r+.dBBd.|***",
        "***w..BB..|-|-|..ii2|......|2ii..|-|-|..BB..w***",
        "***w......|STb|..iiO|......|Oii..|bTS|......w***",
        "***|oo....+iib|..uu1|^.....|uu1.j|bii+....X.|***",
        "***|--|-+-|-+-|..lll|......|lll..|-+-|-+-|--|***",
        "***R,,+...tn........|......|........nt...+,,R***",
        "***R,,w.............D......D.............w,,R***",
        "***R,,w..A....A..|+-|p....p|-+|I..htth...w,,R***",
        "***R,Q|...FFFI..^|.Y|......|Y.|^..htth.oo|Q,R***",
        "***|------|-|-|--|--|......|--|--|-|-|------|***",
        "***|.dBBd.+r|u+..e3u|......|u3e..+u|r+.dBBd.|***",
        "***w..BB..|-|-|..ii2|.....^|2ii..|-|-|..BB..w***",
        "***w......|STb|..iiO|......|Oii..|bTS|......w***",
        "***|.X....+iib|j.uu1|......|uu1.j|bii+....X.|***",
        "***|--|-+-|-+-|^.lll|......|lll..|-+-|-+-|--|***",
        "***R,,+...A..nt.....|p....p|........tn...+,,R***",
        "***R,,w.............D......D...........A.w,,R***",
        "***R,,w.........o|+-|-WWWW-|-+|..A...h...w,,R***",
        "***R,Q|..A.FFFI.o|.Y|******|Y.|o...ICxC.^|Q,R***",
        "***|RR|--ww---ww-|--|******|--|-ww---ww--|RR|***",
        "************************************************",
        "************************************************",
        "************************************************"
      ],
      "palettes": [ "apartment_palette" ],
      "place_monsters": [
        { "monster": "GROUP_ZOMBIE", "x": [ 4, 23 ], "y": [ 2, 23 ], "repeat": [ 1, 2 ] },
        { "monster": "GROUP_ZOMBIE", "x": [ 48, 67 ], "y": [ 2, 23 ], "repeat": [ 1, 2 ] },
        { "monster": "GROUP_ZOMBIE", "x": [ 4, 23 ], "y": [ 96, 115 ], "repeat": [ 1, 2 ] },
        { "monster": "GROUP_ZOMBIE", "x": [ 96, 115 ], "y": [ 96, 115 ], "repeat": [ 1, 2 ] }
      ]
    },
    "om_terrain": [
      [ "apartments_con_tower_113", "apartments_con_tower_013" ],
      [ "apartments_con_tower_102", "apartments_con_tower_002" ]
    ],
    "type": "mapgen",
    "weight": 250
  },
  {
    "method": "json",
    "object": {
      "fill_ter": "t_floor",
      "rows": [
        "************************************************",
        "***|------|-|-|ww---|******|---ww|-|-|------|***",
        "***|.dBBd.+r|u+..e3u|******|u3e..+u|r+.dBBd.|***",
        "***w..BB..|-|-|..ii2|******|2ii..|-|-|..BB..w***",
        "***w.h....|STb|..iiO|******|Oii..|bTS|......w***",
        "***|CxC...+iib|j.uu1|******|uu1.j|bii+....X.|***",
        "***|--|-+-|-+-|..lll|-WWWW-|lll..|-+-|-+-|--|***",
        "***R,,+......nt.....|^.....|........nt...+,,R***",
        "***R,,w..F..........D......D.............w,,R***",
        "***R,,w..F.......|+-|p....p|-+|..........w,,R***",
        "***R,Q|..F.I.FFF^|.Y|......|Y.|oo.FFFFI.^|Q,R***",
        "***|------|-|-|--|--|......|--|--|-|-|------|***",
        "***|.dBBd.+r|u+..e3u|......|u3e..+u|r+.dBBd.|***",
        "***w..BB..|-|-|..ii2|......|2ii..|-|-|..BB..w***",
        "***w......|STb|..iiO|......|Oii..|bTS|......w***",
        "***|oX....+iib|j.uu1|......|uu1.j|bii+....X.|***",
        "***|--|-+-|-+-|..lll|.....^|lll..|-+-|-+-|--|***",
        "***R,,+...tn........|p....p|.........nt..+,,R***",
        "***R,,w.............D......D......A......w,,R***",
        "***R,,w..A.....FI|+-|......|-+|..........w,,R***",
        "***R,Q|.....FFFF^|.Y|......|Y.|^...IFFF.o|Q,R***",
        "***|------------||--|......|--||------------|***",
        "***|%%%%%%%%%%%%|<,,G......=EEx|%%%%%%%%%%%%|***",
        "***|%%%%%%%%%%%%|>,,G......=EEE|%%%%%%%%%%%%|***",
        "***|------|-|-|-|---|......|---|-|-|-|------|***",
        "***|.dBBd.+r|u+..e3u|......|u3e..+u|r+.dBBd.|***",
        "***w..BB..|-|-|..ii2|......|2ii..|-|-|..BB..w***",
        "***w......|STb|..iiO|......|Oii..|bTS|......w***",
        "***|oo....+iib|..uu1|^.....|uu1.j|bii+....X.|***",
        "***|--|-+-|-+-|..lll|......|lll..|-+-|-+-|--|***",
        "***R,,+...tn........|......|........nt...+,,R***",
        "***R,,w.............D......D.............w,,R***",
        "***R,,w..A....A..|+-|p....p|-+|I..htth...w,,R***",
        "***R,Q|...FFFI..^|.Y|......|Y.|^..htth.oo|Q,R***",
        "***|------|-|-|--|--|......|--|--|-|-|------|***",
        "***|.dBBd.+r|u+..e3u|......|u3e..+u|r+.dBBd.|***",
        "***w..BB..|-|-|..ii2|.....^|2ii..|-|-|..BB..w***",
        "***w......|STb|..iiO|......|Oii..|bTS|......w***",
        "***|.X....+iib|j.uu1|......|uu1.j|bii+....X.|***",
        "***|--|-+-|-+-|^.lll|......|lll..|-+-|-+-|--|***",
        "***R,,+...A..nt.....|p....p|........tn...+,,R***",
        "***R,,w.............D......D...........A.w,,R***",
        "***R,,w.........o|+-|-WWWW-|-+|..A...h...w,,R***",
        "***R,Q|..A.FFFI.o|.Y|******|Y.|o...ICxC.^|Q,R***",
        "***|RR|--ww---ww-|--|******|--|-ww---ww--|RR|***",
        "************************************************",
        "************************************************",
        "************************************************"
      ],
      "palettes": [ "apartment_palette" ],
      "place_monsters": [
        { "monster": "GROUP_ZOMBIE", "x": [ 4, 23 ], "y": [ 2, 23 ], "repeat": [ 1, 2 ] },
        { "monster": "GROUP_ZOMBIE", "x": [ 48, 67 ], "y": [ 2, 23 ], "repeat": [ 1, 2 ] },
        { "monster": "GROUP_ZOMBIE", "x": [ 4, 23 ], "y": [ 96, 115 ], "repeat": [ 1, 2 ] },
        { "monster": "GROUP_ZOMBIE", "x": [ 96, 115 ], "y": [ 96, 115 ], "repeat": [ 1, 2 ] }
      ]
    },
    "om_terrain": [
      [ "apartments_con_tower_112", "apartments_con_tower_012" ],
      [ "apartments_con_tower_102", "apartments_con_tower_002" ]
    ],
    "type": "mapgen",
    "weight": 250
  },
  {
    "method": "json",
    "object": {
      "fill_ter": "t_floor",
      "rows": [
        "************************************************",
        "***|------|-|-|ww---|******|---ww|-|-|------|***",
        "***|.dBBd.+r|u+..e3u|******|u3e..+u|r+.dBBd.|***",
        "***w..BB..|-|-|..ii2|******|2ii..|-|-|..BB..w***",
        "***w.h....|STb|..iiO|******|Oii..|bTS|......w***",
        "***|CxC...+iib|j.uu1|******|uu1.j|bii+....X.|***",
        "***|--|-+-|-+-|..lll|-WWWW-|lll..|-+-|-+-|--|***",
        "***R,,+......nt.....|^.....|........nt...+,,R***",
        "***R,,w..F..........D......D.............w,,R***",
        "***R,,w..F.......|+-|p....p|-+|..........w,,R***",
        "***R,Q|..F.I.FFF^|.Y|......|Y.|oo.FFFFI.^|Q,R***",
        "***|------|-|-|--|--|......|--|--|-|-|------|***",
        "***|.dBBd.+r|u+..e3u|......|u3e..+u|r+.dBBd.|***",
        "***w..BB..|-|-|..ii2|......|2ii..|-|-|..BB..w***",
        "***w......|STb|..iiO|......|Oii..|bTS|......w***",
        "***|oX....+iib|j.uu1|......|uu1.j|bii+....X.|***",
        "***|--|-+-|-+-|..lll|.....^|lll..|-+-|-+-|--|***",
        "***R,,+...tn........|p....p|.........nt..+,,R***",
        "***R,,w.............D......D......A......w,,R***",
        "***R,,w..A.....FI|+-|......|-+|..........w,,R***",
        "***R,Q|.....FFFF^|.Y|......|Y.|^...IFFF.o|Q,R***",
        "***|------------||--|......|--||------------|***",
        "***|%%%%%%%%%%%%|>,,G......=EEx|%%%%%%%%%%%%|***",
        "***|%%%%%%%%%%%%|<,,G......=EEE|%%%%%%%%%%%%|***",
        "***|------|-|-|-|---|......|---|-|-|-|------|***",
        "***|.dBBd.+r|u+..e3u|......|u3e..+u|r+.dBBd.|***",
        "***w..BB..|-|-|..ii2|......|2ii..|-|-|..BB..w***",
        "***w......|STb|..iiO|......|Oii..|bTS|......w***",
        "***|oo....+iib|..uu1|^.....|uu1.j|bii+....X.|***",
        "***|--|-+-|-+-|..lll|......|lll..|-+-|-+-|--|***",
        "***R,,+...tn........|......|........nt...+,,R***",
        "***R,,w.............D......D.............w,,R***",
        "***R,,w..A....A..|+-|p....p|-+|I..htth...w,,R***",
        "***R,Q|...FFFI..^|.Y|......|Y.|^..htth.oo|Q,R***",
        "***|------|-|-|--|--|......|--|--|-|-|------|***",
        "***|.dBBd.+r|u+..e3u|......|u3e..+u|r+.dBBd.|***",
        "***w..BB..|-|-|..ii2|.....^|2ii..|-|-|..BB..w***",
        "***w......|STb|..iiO|......|Oii..|bTS|......w***",
        "***|.X....+iib|j.uu1|......|uu1.j|bii+....X.|***",
        "***|--|-+-|-+-|^.lll|......|lll..|-+-|-+-|--|***",
        "***R,,+...A..nt.....|p....p|........tn...+,,R***",
        "***R,,w.............D......D...........A.w,,R***",
        "***R,,w.........o|+-|-WWWW-|-+|..A...h...w,,R***",
        "***R,Q|..A.FFFI.o|.Y|******|Y.|o...ICxC.^|Q,R***",
        "***|RR|--ww---ww-|--|******|--|-ww---ww--|RR|***",
        "************************************************",
        "************************************************",
        "************************************************"
      ],
      "palettes": [ "apartment_palette" ],
      "place_monsters": [
        { "monster": "GROUP_ZOMBIE", "x": [ 4, 23 ], "y": [ 2, 23 ], "repeat": [ 1, 2 ] },
        { "monster": "GROUP_ZOMBIE", "x": [ 48, 67 ], "y": [ 2, 23 ], "repeat": [ 1, 2 ] },
        { "monster": "GROUP_ZOMBIE", "x": [ 4, 23 ], "y": [ 96, 115 ], "repeat": [ 1, 2 ] },
        { "monster": "GROUP_ZOMBIE", "x": [ 96, 115 ], "y": [ 96, 115 ], "repeat": [ 1, 2 ] }
      ]
    },
    "om_terrain": [
      [ "apartments_con_tower_113", "apartments_con_tower_013" ],
      [ "apartments_con_tower_102", "apartments_con_tower_002" ]
    ],
    "type": "mapgen",
    "weight": 250
  },
  {
    "method": "json",
    "object": {
      "fill_ter": "t_floor",
      "rows": [
        "************************************************",
        "***|------|-|-|ww---|******|---ww|-|-|------|***",
        "***|.dBBd.+r|u+..e3u|******|u3e..+u|r+.dBBd.|***",
        "***w..BB..|-|-|..ii2|******|2ii..|-|-|..BB..w***",
        "***w.h....|STb|..iiO|******|Oii..|bTS|......w***",
        "***|CxC...+iib|j.uu1|******|uu1.j|bii+....X.|***",
        "***|--|-+-|-+-|..lll|-WWWW-|lll..|-+-|-+-|--|***",
        "***R,,+......nt.....|^.....|........nt...+,,R***",
        "***R,,w..F..........D......D.............w,,R***",
        "***R,,w..F.......|+-|p....p|-+|..........w,,R***",
        "***R,Q|..F.I.FFF^|.Y|......|Y.|oo.FFFFI.^|Q,R***",
        "***|------|-|-|--|--|......|--|--|-|-|------|***",
        "***|.dBBd.+r|u+..e3u|......|u3e..+u|r+.dBBd.|***",
        "***w..BB..|-|-|..ii2|......|2ii..|-|-|..BB..w***",
        "***w......|STb|..iiO|......|Oii..|bTS|......w***",
        "***|oX....+iib|j.uu1|......|uu1.j|bii+....X.|***",
        "***|--|-+-|-+-|..lll|.....^|lll..|-+-|-+-|--|***",
        "***R,,+...tn........|p....p|.........nt..+,,R***",
        "***R,,w.............D......D......A......w,,R***",
        "***R,,w..A.....FI|+-|......|-+|..........w,,R***",
        "***R,Q|.....FFFF^|.Y|......|Y.|^...IFFF.o|Q,R***",
        "***|------------||--|......|--||------------|***",
        "***|%%%%%%%%%%%%|<,,G......=EEx|%%%%%%%%%%%%|***",
        "***|%%%%%%%%%%%%|>,,G......=EEE|%%%%%%%%%%%%|***",
        "***|------|-|-|-|---|......|---|-|-|-|------|***",
        "***|.dBBd.+r|u+..e3u|......|u3e..+u|r+.dBBd.|***",
        "***w..BB..|-|-|..ii2|......|2ii..|-|-|..BB..w***",
        "***w......|STb|..iiO|......|Oii..|bTS|......w***",
        "***|oo....+iib|..uu1|^.....|uu1.j|bii+....X.|***",
        "***|--|-+-|-+-|..lll|......|lll..|-+-|-+-|--|***",
        "***R,,+...tn........|......|........nt...+,,R***",
        "***R,,w.............D......D.............w,,R***",
        "***R,,w..A....A..|+-|p....p|-+|I..htth...w,,R***",
        "***R,Q|...FFFI..^|.Y|......|Y.|^..htth.oo|Q,R***",
        "***|------|-|-|--|--|......|--|--|-|-|------|***",
        "***|.dBBd.+r|u+..e3u|......|u3e..+u|r+.dBBd.|***",
        "***w..BB..|-|-|..ii2|.....^|2ii..|-|-|..BB..w***",
        "***w......|STb|..iiO|......|Oii..|bTS|......w***",
        "***|.X....+iib|j.uu1|......|uu1.j|bii+....X.|***",
        "***|--|-+-|-+-|^.lll|......|lll..|-+-|-+-|--|***",
        "***R,,+...A..nt.....|p....p|........tn...+,,R***",
        "***R,,w.............D......D...........A.w,,R***",
        "***R,,w.........o|+-|-WWWW-|-+|..A...h...w,,R***",
        "***R,Q|..A.FFFI.o|.Y|******|Y.|o...ICxC.^|Q,R***",
        "***|RR|--ww---ww-|--|******|--|-ww---ww--|RR|***",
        "************************************************",
        "************************************************",
        "************************************************"
      ],
      "palettes": [ "apartment_palette" ],
      "place_monsters": [
        { "monster": "GROUP_ZOMBIE", "x": [ 4, 23 ], "y": [ 2, 23 ], "repeat": [ 1, 2 ] },
        { "monster": "GROUP_ZOMBIE", "x": [ 48, 67 ], "y": [ 2, 23 ], "repeat": [ 1, 2 ] },
        { "monster": "GROUP_ZOMBIE", "x": [ 4, 23 ], "y": [ 96, 115 ], "repeat": [ 1, 2 ] },
        { "monster": "GROUP_ZOMBIE", "x": [ 96, 115 ], "y": [ 96, 115 ], "repeat": [ 1, 2 ] }
      ]
    },
    "om_terrain": [
      [ "apartments_con_tower_112", "apartments_con_tower_012" ],
      [ "apartments_con_tower_102", "apartments_con_tower_002" ]
    ],
    "type": "mapgen",
    "weight": 250
  },
  {
    "method": "json",
    "object": {
      "fill_ter": "t_floor",
      "rows": [
        "************************************************",
        "***788888888888888887******788888888888888887***",
        "***4zzzzzzzzzzzzzzzz6******4zzzzzzzzzzzzzzzz6***",
        "***4zzzzzzzzzzzzzzzz6******4z((zz((zzzzzaz@z6***",
        "***4zzzzzzzzzzzzzzzz6******4z((zz((zzzzzaz@z6***",
        "***4zzzzzzzzzzzzzzzz6******4zzzzzzzzzzzzzzzz6***",
        "***4zzzzzzzzzzzzzzzz68888884zzzzzzzzzzzzzzzz6***",
        "***4zzzzzzzzzzzzzzzzzfzzzzzzzzzzzzzzzzzzzzzz6***",
        "***4zzzzzzzzzzzzzzzzzfzzzzzzzzzzzzzzzzzzzzzz6***",
        "***4zzzzzzzzzzzzzzzzzfzzzzzzzzzzzzzzzzzzzzzz6***",
        "***4zzzzzzzzzzzzzzzzzfzzzzzzzzzzzzzzzzzzzzzz6***",
        "***4zzzzzzzzzzzzzzzzzfzzzzzzzzzzzzzzzzzzzzzz6***",
        "***4zzzzzzzzzzzzzzzzzfzzzzzzzzzzzzzzzzzzzzzz6***",
        "***4zzzzzzzzzzzzzzzzzfzzzzzzzzzzzzzzzzzzzzzz6***",
        "***4zzzzzzzzzzzzzzzzzfzzzzzzzzzzzzzzzzzzzzzz6***",
        "***4zzzzzzzzzzzzzzzzzfzzzzzzzzzzzzzzzzzzzzzz6***",
        "***4zzzzzzzzzzzzzzzzzfzzzzzzzzzzzzzzzzzzzzzz6***",
        "***4zzzzzzzzzzzzzzzzzfzzzzzzzzzzzzzzzzzzzzzz6***",
        "***4zzzzzzzzzzzzzzzzzfzzzzzzzzzzzzzzzzzzzzzz6***",
        "***4zzzzzzzzzzzzzzzzzfzzzzzz|W||zzzzzzzzzzzz6***",
        "***4zzzzzzzzzzzzzzzzzfzzzzz||xM|zzzzzzzzzzzz6***",
        "***4zzzzzzzzzzzz|+|&zfzzzzz+,,M|zzzzzzzzzzzz6***",
        "***4zzzzzzzzzzzz|>|&zfzzzzz|KKK|zzzzzzzzzzzz6***",
        "***4ffffffffffff|||fgfzzzzz|KKK|zzzzzzzzzzzz6***",
        "***4zzzzzzzzzzzzzzzzzzzzzzz|||||zzzzzzzzzzzz6***",
        "***4zzzzzzzzzzzzzzzzzzzzzzzzzzzzzzzzzzzzzzzz6***",
        "***4zzzzzzzzzzzzzzzzzzzzzzzzzzzzzzzzzzzzzzzz6***",
        "***4zzzzzzzzzzzzzzzzzzzzzzzzzzzzzzzzzzzzzzzz6***",
        "***4zzzzzzzzzzzzzzzzzzzzzzzzzzzzzzzzzzzzzzzz6***",
        "***4zzzzzzzzzzzzzzzzzzzzzzzzzzzzzzzzzzzzzzzz6***",
        "***4zzzzzzzzzzzzzzzzzzzzzzzzzzzzzzzzzzzzzzzz6***",
        "***4zzzzzzzzzzzzzzzzzzzzzzzzzzzzzzzzzzzzzzzz6***",
        "***4zzzzzzzzzzzzzzzzzzzzzzzzzzzzzzzzzzzzzzzz6***",
        "***4zzzzzzzzzzzzzzzzzzzzzzzzzzzzzzzzzzzzzzzz6***",
        "***4zzzzzzzzzzzzzzzzzzzzzzzzzzzzzzzzzzzzzzzz6***",
        "***4zzzzzzzzzzzzzzzzzzzzzzzzzzzzzzzzzzzzzzzz6***",
        "***4zzzzzzzzzzzzzzzzzzzzzzzzzzzzzzzzzzzzzzzz6***",
        "***4zzzzzzzzzzzzzzzzzzzzzzzzzzzzzzzzzzzzzzzz6***",
        "***4zzzzzzzzzzzzzzzzzzzzzzzzzzzzzzzzzzzzzzzz6***",
        "***4zzzzzzzzzzzzzzzzzzzzzzzzzzzzzzzzzzzzzzzz6***",
        "***4zzzzzzzzzzzzzzzzzzzzzzzzzzzzzzzzzzzzzzzz6***",
        "***4zzzzzzzzzzzzzzzzzzzzzzzzzzzzzzzzzzzzzzzz6***",
        "***4zzzzzzzzzzzzzzzz68888884zzzzzzzzzzzzzzzz6***",
        "***4zzzzzzzzzzzzzzzz6******4zzzzzzzzzzzzzzzz6***",
        "***788888888888888887******788888888888888887***",
        "************************************************",
        "************************************************",
        "************************************************"
      ],
      "palettes": [ "apartment_palette" ],
      "place_monsters": [ { "monster": "GROUP_ZOMBIE", "x": [ 4, 23 ], "y": [ 2, 23 ], "repeat": [ 0, 1 ] } ]
    },
    "om_terrain": [
      [ "apartments_con_tower_114", "apartments_con_tower_014" ],
      [ "apartments_con_tower_104", "apartments_con_tower_004" ]
    ],
    "type": "mapgen",
    "weight": 250
  },
  {
    "method": "json",
    "object": {
      "fill_ter": "t_floor",
      "rows": [
        "************************",
        "************************",
        "************************",
        "************************",
        "************************",
        "************************",
        "************************",
        "************************",
        "************************",
        "************************",
        "************************",
        "************************",
        "************************",
        "************************",
        "************************",
        "************************",
        "************************",
        "************************",
        "************************",
        "****zzzz****************",
        "***zzzzz****************",
        "***zzzzz****************",
        "***zzzzz****************",
        "***zzzzz****************"
      ],
      "palettes": [ "apartment_palette" ]
    },
    "om_terrain": "apartments_con_tower_015",
    "type": "mapgen",
    "weight": 250
  }
]
