[
   {
    "type": "mapgen",
    "method": "json",
    "om_terrain": [["exposed_road"]],
    "object": {
	"fill_ter": "t_pavement",
      "rows": [
        "........................",
        ".......o................",
        "........................",
        "...........p|p..........",
        "..........pp|pp.........",
        "..........pp|pp.........",
        ".......o..pp|pp..o......",
        "..........pp|pp.........",
        "..........pp|pp.........",
        "..........pp|pp.........",
        "..........pp|pp.........",
        "..........pp|pp..o......",
        "..........pp|pp.........",
        "..........pp|pp.........",
        "..........pp|pp.........",
        "..........pp|pp.........",
        ".......o..pp|pp.........",
        "..........pp|pp.........",
        "..........pp|pp.........",
        "..........pp|pp.........",
        "..........pp|pp.........",
        ".......o..pppp...o......",
        "............p...........",
        "........................"
      ],
	  "place_vehicles": [
       { "vehicle": "motorcycle", "x": 10, "y": 30, "chance": 15, "rotation": 180 },
	   { "vehicle": "car", "x": 15, "y": 30, "chance": 50, "rotation": 180 }
	   ],
      "terrain": { ".": "t_sand" ,
	   "|": "t_pavement_y",
	   "p": "t_pavement" },
      "furniture": { "o": "f_street_light" }
  }
  },
    {
    "type": "mapgen",
    "method": "json",
    "om_terrain": [["starter_road"]],
    "object": {
	"fill_ter": "t_pavement",
      "rows": [
        "........................",
        ".......o................",
        "........................",
        "...........p|p..........",
        "..........pp|pp.........",
        "..........pp|pp.........",
        ".......o..pp|pp..o......",
        "..........pp|pp.........",
        "..........pp|pp.........",
        "..........pp|pp.........",
        "..........pp|pp.........",
        "..........pp|pp..o......",
        "..........pp|pp.........",
        "..........pp|pp.........",
        "..........pp|pp.........",
        "..........pp|pp.........",
        ".......o..pp|pp.........",
        "..........pp|pp.........",
        "..........pp|pp.........",
        "..........pp|pp.........",
        "..........pp|pp.........",
        ".......o..pppp...o......",
        "............p...........",
        "........................"
      ],
	  "place_vehicles": [
       { "vehicle": "motorcycle", "x": 13, "y": 12, "chance": 100, "rotation": 90 }
	   ],
      "terrain": { ".": "t_sand" ,
	   "|": "t_pavement_y",
	   "p": "t_pavement" },
      "furniture": { "o": "f_street_light" }
  }
  }
]