[
  {
    "type": "mapgen",
    "method": "json",
    "om_terrain": [["lighthouse_ground"]],
    "object": {
      "fill_ter": "t_floor",
      "rows": [
        "********~./////.....~***",
        "***ddddddd/////.....~~**",
        "***ddddddd////........~*",
        "******~..///////....~~~*",
        "******~.//##+##///...~~*",
        "******~//.#7 7#///....~~",
        "*~~~...//.#7 7#///..~~~~",
        "~~.....//|||+|||///..~~~",
        "~~..////||     ||///...~",
        "~~..//|||a     y|||///.~",
        "~~..//|W      IIIb|///.~",
        "~..//||        h b||//.~",
        "~..//|v           g|//.~",
        "~..//0v        C  X0//~~",
        "~..//|vu    <  t  X|//.~",
        "~~.//0y   #####C  X0//.~",
        "~..//|##+##rrr##+##|//~~",
        "~..//||r  rr rr  k||//~~",
        "~..///|r  rr rr  l|///.~",
        "~~.///|||  r r  |||///.~",
        "~~...///||     ||///..~~",
        "*~~...///||000||///..~~*",
        "**~~~~~~~~////~//~~~****",
        "****~~**~~~//~~~~~~*****"
      ],
      "place_vehicles": [
        { "vehicle": "boat_motor_single", "x": 4, "y": 5, "rotation": 180, "chance": 10, "status": 3 },
        { "vehicle": "canoe", "x": 5, "y": 0, "rotation": 180, "chance": 10, "status": 0 }
      ],
      "place_loot": [ { "item": "rope_30", "x": 4, "y": 1, "chance": 100 }, { "item": "rope_30", "x": 7, "y": 2, "chance": 100 } ],
      "terrain": {
        " ": "t_floor",
        "/": "t_sand",
        "~": "t_sand",
        "*": "t_sand",
        "8": "t_railroad_rubble",
        ".": "t_sand",
        "d": "t_dock",
        "|": "t_rock_wall",
        "#": "t_wall_wood",
        "<": "t_wood_stairs_up",
        "0": "t_window_domestic",
        "+": "t_door_c"
      },
      "furniture": {
        ".": [ [ "f_boulder_medium", 2 ], [ "f_boulder_small", 1 ], [ "f_boulder_large", 3 ] ],
        "y": [ "f_indoor_plant_y", "f_indoor_plant" ],
        "h": "f_chair",
        "X": "f_sofa",
        "t": "f_table",
        "R": "f_trashcan",
        "7": "f_bench",
        "C": "f_armchair",
        "a": "f_rack_coat",
        "g": "f_floor_lamp",
        "l": "f_water_heater",
        "k": "f_water_purifier",
        "I": "f_desk",
        "r": "f_rack",
        "u": "f_stool",
        "W": "f_woodstove",
        "v": "f_workbench"
      },
      "liquids": { "l": { "liquid": "water_clean", "amount": [ 0, 100 ] } },
      "items": {
        "7": { "item": "fishing_items", "chance": 20, "repeat": [ 2, 4 ] },
        "b": { "item": "homebooks", "chance": 20, "repeat": [ 2, 4 ] },
        "v": { "item": "home_hw", "chance": 20, "repeat": [ 2, 4 ] },
        "I": { "item": "office", "chance": 20, "repeat": [ 2, 4 ] },
        "R": { "item": "trash", "chance": 25, "repeat": [ 1, 2 ] },
        "W": { "item": "stash_wood", "chance": 25, "repeat": [ 1, 2 ] },
        "t": { "item": "livingroom", "chance": 25, "repeat": [ 1, 2 ] },
        "a": { "item": "jackets", "chance": 25, "repeat": [ 1, 2 ] },
        "r": [
          { "item": "condiments", "chance": 30, "repeat": [ 1, 2 ] },
          { "item": "groce_ingredient", "chance": 30, "repeat": [ 1, 2 ] },
          { "item": "groce_bread", "chance": 30, "repeat": [ 1, 2 ] },
          { "item": "pantry_liquids", "chance": 30, "repeat": [ 1, 2 ] },
          { "item": "dry_goods", "chance": 30, "repeat": [ 1, 2 ] },
          { "item": "preserved_food", "chance": 30, "repeat": [ 1, 2 ] }
        ]
      },
      "place_monsters": [ { "monster": "GROUP_ZOMBIE", "x": [ 1, 22 ], "y": [ 1, 22 ], "density": 0.1 } ]
    }
  },
  {
    "type": "mapgen",
    "method": "json",
    "om_terrain": [["lighthouse_z1"]],
    "object": {
      "fill_ter": "t_floor",
      "rows": [
        "                        ",
        "                        ",
        "                        ",
        "                        ",
        "          ^^^^^         ",
        "          ^^^^^         ",
        "          ^^^^^         ",
        "         ||000||        ",
        "        ||fmsmo||       ",
        "      |||R......|||     ",
        "      |...nnnnn..y|     ",
        "     ||a...u.u....||    ",
        "     |.............|    ",
        "     0h.h...<.....C0    ",
        "     0ttt...>.....g0    ",
        "     0h.h.#####...C0    ",
        "     |....C.W.C....|    ",
        "     ||..........y||    ",
        "      |y..........|     ",
        "      |||b.XXX.b|||     ",
        "        ||b...b||       ",
        "         ||000||        ",
        "                        ",
        "                        "
      ],
      "terrain": {
        ".": "t_floor",
        "|": "t_rock_red",
        " ": "t_open_air",
        "<": "t_wood_stairs_up",
        ">": "t_wood_stairs_down",
        "0": "t_laminated_glass",
        "#": "t_wall_wood",
        "^": "t_shingle_flat_roof"
      },
      "furniture": {
        "h": "f_chair",
        "A": "f_desk",
        "y": [ "f_indoor_plant_y", "f_indoor_plant" ],
        "X": "f_sofa",
        "t": "f_table",
        "u": "f_stool",
        "s": "f_sink",
        "o": "f_oven",
        "f": "f_fridge",
        "n": "f_counter",
        "m": "f_cupboard",
        "R": "f_trashcan",
        "7": "f_bench",
        "C": "f_armchair",
        "b": "f_bookcase",
        "a": "f_rack_coat",
        "g": "f_floor_lamp",
        "W": "f_fireplace"
      },
      "items": {
        "b": { "item": "homebooks", "chance": 20, "repeat": [ 2, 4 ] },
        "o": { "item": "oven", "chance": 25, "repeat": [ 1, 2 ] },
        "f": { "item": "fridge", "chance": 25, "repeat": [ 1, 2 ] },
        "S": { "item": "shower", "chance": 25, "repeat": [ 1, 2 ] },
        "R": { "item": "trash", "chance": 25, "repeat": [ 1, 2 ] },
        "W": { "item": "stash_wood", "chance": 25, "repeat": [ 1, 2 ] },
        "t": { "item": "livingroom", "chance": 25, "repeat": [ 1, 2 ] },
        "a": { "item": "jackets", "chance": 25, "repeat": [ 1, 2 ] },
        "m": [
          { "item": "groce_condiment", "chance": 10, "repeat": [ 1, 2 ] },
          { "item": "groce_ingredient", "chance": 30, "repeat": [ 1, 2 ] },
          { "item": "groce_bread", "chance": 20, "repeat": [ 1, 2 ] }
        ],
        "n": [
          { "item": "dishes_utility", "chance": 20, "repeat": [ 1, 2 ] },
          { "item": "kitchen_appliances", "chance": 30, "repeat": [ 1, 2 ] },
          { "item": "dishes_dining", "chance": 10, "repeat": [ 1, 2 ] }
        ]
      }
    }
  },
  {
    "type": "mapgen",
    "method": "json",
    "om_terrain": [["lighthouse_z2"]],
    "object": {
      "fill_ter": "t_floor",
      "rows": [
        "                        ",
        "                        ",
        "                        ",
        "                        ",
        "                        ",
        "                        ",
        "                        ",
        "                        ",
        "         ||000||        ",
        "        ||tSSSy||       ",
        "       ||s.....&||      ",
        "      ||R........||     ",
        "      |######+####|     ",
        "      0A....>...bb0     ",
        "      0Ah...<.....0     ",
        "      0A..#####..C0     ",
        "      |g....W....g|     ",
        "      ||D.......D||     ",
        "       ||y..@@..||      ",
        "        ||.t@@t||       ",
        "         ||000||        ",
        "                        ",
        "                        ",
        "                        "
      ],
      "toilets": { "&": {  } },
      "terrain": {
        ".": "t_floor",
        "|": "t_rock_wall",
        " ": "t_open_air",
        "<": "t_wood_stairs_up",
        ">": "t_wood_stairs_down",
        "0": "t_laminated_glass",
        "+": "t_door_c",
        "#": "t_wall_wood"
      },
      "furniture": {
        "A": "f_desk",
        "h": "f_chair",
        "@": "f_bed",
        "y": [ "f_indoor_plant_y", "f_indoor_plant" ],
        "t": "f_table",
        "s": "f_sink",
        "M": "f_dresser",
        "R": "f_trashcan",
        "D": "f_wardrobe",
        "C": "f_armchair",
        "b": "f_bookcase",
        "g": "f_floor_lamp",
        "W": "f_fireplace",
        "S": "f_bathtub"
      },
      "items": {
        "b": { "item": "homebooks", "chance": 20, "repeat": [ 2, 4 ] },
        "@": { "item": "bed", "chance": 30, "repeat": [ 2, 4 ] },
        "D": { "item": "allclothes", "chance": 50, "repeat": [ 2, 3 ] },
        "S": { "item": "shower", "chance": 25, "repeat": [ 1, 2 ] },
        "s": { "item": "softdrugs", "chance": 25, "repeat": [ 1, 2 ] },
        "R": { "item": "trash", "chance": 25, "repeat": [ 1, 2 ] },
        "W": { "item": "stash_wood", "chance": 25, "repeat": [ 1, 2 ] },
        "t": { "item": "bedroom", "chance": 25, "repeat": [ 1, 2 ] },
        "a": { "item": "jackets", "chance": 25, "repeat": [ 1, 2 ] }
      }
    }
  },
  {
    "type": "mapgen",
    "method": "json",
    "om_terrain": [["lighthouse_z3"]],
    "object": {
      "fill_ter": "t_floor",
      "rows": [
        "                        ",
        "                        ",
        "                        ",
        "                        ",
        "                        ",
        "                        ",
        "                        ",
        "                        ",
        "         ||000||        ",
        "        ||.yyy.||       ",
        "       ||.......||      ",
        "      ||.........||     ",
        "      |.........u.|     ",
        "      0X.t..<..pp.0     ",
        "      0X.t..>..pp.0     ",
        "      0X.t.....pp.0     ",
        "      |...........|     ",
        "      ||......u..||     ",
        "       ||.......||      ",
        "        ||.yyy.||       ",
        "         ||000||        ",
        "                        ",
        "                        ",
        "                        "
      ],
      "terrain": {
        ".": "t_floor",
        "|": "t_rock_red",
        " ": "t_open_air",
        "<": "t_wood_stairs_up",
        ">": "t_wood_stairs_down",
        "0": "t_laminated_glass"
      },
      "furniture": { "y": [ "f_indoor_plant_y", "f_indoor_plant" ], "p": "f_pool_table", "u": "f_stool", "X": "f_sofa", "t": "f_table" },
      "items": {
        "X": { "item": "homebooks", "chance": 20, "repeat": [ 1, 2 ] },
        "t": { "item": "livingroom", "chance": 25, "repeat": [ 1, 2 ] },
        "p": { "item": "pool_table", "chance": 25, "repeat": [ 1, 2 ] }
      }
    }
  },
  {
    "type": "mapgen",
    "method": "json",
    "om_terrain": [["lighthouse_z4"]],
    "object": {
      "fill_ter": "t_floor",
      "rows": [
        "                        ",
        "                        ",
        "                        ",
        "                        ",
        "                        ",
        "                        ",
        "                        ",
        "                        ",
        "          ||0||         ",
        "         ||y..||        ",
        "        ||yy..y||       ",
        "       ||.......||      ",
        "       |.........|      ",
        "       0.xx.>.xx.0      ",
        "       0.xx.<.xx.0      ",
        "       |.........|      ",
        "       ||...MM..||      ",
        "        ||.MM.M||       ",
        "         ||.M.||        ",
        "          ||0||         ",
        "                        ",
        "                        ",
        "                        ",
        "                        "
      ],
      "terrain": {
        ".": "t_floor",
        "|": "t_rock_wall",
        " ": "t_open_air",
        "<": "t_wood_stairs_up",
        ">": "t_wood_stairs_down",
        "#": "t_wall_wood",
        "0": "t_laminated_glass"
      },
      "furniture": { "M": [ "f_crate_c", "f_cardboard_box" ], "x": "f_generator_broken", "y": "f_machinery_old" },
      "items": {
        "M": [
          { "item": "fishing_items", "chance": 30, "repeat": [ 1, 2 ] },
          { "item": "home_hw", "chance": 30, "repeat": [ 1, 2 ] },
          { "item": "allclothes", "chance": 30, "repeat": [ 1, 2 ] },
          { "item": "textbooks", "chance": 30, "repeat": [ 1, 2 ] },
          { "item": "office_paper", "chance": 30, "repeat": [ 1, 2 ] },
          { "item": "preserved_food", "chance": 30, "repeat": [ 1, 2 ] }
        ]
      }
    }
  },
  {
    "type": "mapgen",
    "method": "json",
    "om_terrain": [["lighthouse_z5"]],
    "object": {
      "fill_ter": "t_floor",
      "rows": [
        "                        ",
        "                        ",
        "                        ",
        "                        ",
        "                        ",
        "                        ",
        "                        ",
        "         #######        ",
        "        ##|000|##       ",
        "       ##|0...0|##      ",
        "      ##|0.....0|##     ",
        "      #|0.......0|#     ",
        "      #0...yyy...0#     ",
        "      #0...yyy...0#     ",
        "      #0....>....+#     ",
        "      #0.........0#     ",
        "      #|0.......0|#     ",
        "      ##|0.....0|##     ",
        "       ##|0...0|##      ",
        "        ##|000|##       ",
        "         #######        ",
        "                        ",
        "                        ",
        "                        "
      ],
      "terrain": {
        ".": "t_floor",
        "|": "t_rock_red",
        " ": "t_open_air",
        "<": "t_wood_stairs_up",
        ">": "t_wood_stairs_down",
        "0": "t_laminated_glass",
        "#": "t_grate",
        "+": "t_laminated_door_glass_c"
      },
      "furniture": { "y": "f_machinery_old" }
    }
  },
  {
    "type": "mapgen",
    "method": "json",
    "om_terrain": [["lighthouse_roof"]],
    "object": {
      "fill_ter": "t_flat_roof",
      "rows": [
        "                        ",
        "                        ",
        "                        ",
        "                        ",
        "                        ",
        "                        ",
        "                        ",
        "                        ",
        "          .....         ",
        "         .......        ",
        "        .........       ",
        "       ...........      ",
        "       ...........      ",
        "       ...........      ",
        "       ...........      ",
        "       ...........      ",
        "       ...........      ",
        "        .........       ",
        "         .......        ",
        "          .....         ",
        "                        ",
        "                        ",
        "                        ",
        "                        "
      ],
      "palettes": [ "roof_palette" ]
    }
  }
]
