[
  {
    "type": "mapgen",
    "method": "json",
    "om_terrain": [ [ "urban_35_1", "urban_35_2" ], [ "urban_35_3", "urban_35_4" ] ],
    "weight": 250,
    "object": {
      "fill_ter": "t_linoleum_white",
      "rows": [
        "................................................",
        "#################################...............",
        "#zɱIIII  |T|³³³³³³³|pppp pppp qq#...............",
        "#G    ɱ  + |³      +            #...............",
        "#G Att  I|||||³³³³³|  JLJJJJJ  M#...............",
        "#G  tt  I|---|||||||        J  M#...............",
        "#G  ttA I|---|TL|hv|³       L  M#...............",
        "#G  tt  I|&$$|  | v|³       J  L#...............",
        "#G  tt  I|   ||+|+||³       J  M#...............",
        "#G   ɱ   $   $              L  M#...............",
        "#G ɱ     $   $              J  M#...............",
        "#G  tt  I|   |||||||            #...............",
        "#G  tt  I|ɱ  |FFFFF||||     ||||#...............",
        "#G Attɱ I|ɱ  +    F|J        A J#...............",
        "#z      I|   |FFFFF|J```    ```J#...............",
        "#|||||||||   |||||||||||||||||||#############...",
        "# ONNNO1 |   |QQQQQQQQQ|---|L |T|°°°°°°°°°°°#...",
        "#    A   o   $         |---|z   |°d°d°d°d°d°#...",
        "#N    N  o   |||||||||||&**||+|||° ° ° ° ° °#...",
        "#N    N  o                      |°*°*°*°*°*°#...",
        "#7    8  |                      |       A   #...",
        "#        ||  °°°°°°°°°°°°  ||o*||  d  d  d  #...",
        "#P      hC|  )XXXXuuDDDD)  |H  H|    A      #...",
        "#P     vv |  (          (  |H  H|     u|||||#...",
        "#         +  °XXXXXXXXXX°  |    |     u|KKvv#...",
        "#jj       |  °°°°°°°°°°°°  |vv  +      +   E#...",
        "#3k 2uu2uu|                | h  |  Я   |C   #...",
        "#||||||||||                |||||||||||||||||#...",
        "#  N AN  z|||  ||$|||||||  |BBB|z 2NN21NNz  #...",
        "# AN  N     |  |S R|FFFF|  +   +            #...",
        "#           +  ||$||F   +  |iii|    8A  aA  #...",
        "#  N  N   vv||||  <|FFFF|  |||||    NN  NN  #...",
        "# AN AN   h  nz|||||||||||||W|W|q           #...",
        "#               +   RzS   z|+|+|    NN  NN  #...",
        "#||o*o||ooo||ooo|          +   +    9A  aA  #...",
        "#               |+|+|+|    |+|+|            #...",
        "#ON65NNOO265NN65|T|T|T|LuuL|W|W|NN0NN0 nOOnz#...",
        "#############################################...",
        "................................................",
        "................................................",
        "................................................",
        "................................................",
        "................................................",
        "................................................",
        "................................................",
        "................................................",
        "................................................",
        "................................................"
      ],
      "palettes": [ "hospital_2" ],
      "terrain": { ".": "t_rock", "°": "t_wall_metal", ";": "t_door_metal_locked", "˽": "t_card_reader_broken", "-": "t_metal_floor" },
      "furniture": { "`": "f_dishwasher", "³": "f_rack" },
      "items": {
        "p": [
          { "item": "restaur_fridge", "chance": 70, "repeat": [ 1, 2 ] },
          { "item": "baked_goods", "chance": 40 },
          { "item": "fridge", "chance": 90, "repeat": [ 1, 2 ] }
        ],
        "³": [
          { "item": "restaur_kitchen", "chance": 20, "repeat": [ 1, 2 ] },
          { "item": "groce_bread", "chance": 30, "repeat": [ 1, 2 ] },
          { "item": "pantry", "chance": 60, "repeat": [ 1, 2 ] },
          { "item": "cannedfood", "chance": 60, "repeat": [ 1, 2 ] },
          { "item": "groce_condiment", "chance": 20, "repeat": [ 1, 2 ] }
        ],
        "t": { "item": "laundry", "chance": 20, "repeat": [ 1, 2 ] },
        "J": { "item": "kitchen_appliances", "chance": 20, "repeat": [ 1, 2 ] },
        "u": { "item": "dissection", "chance": 40 },
        "N": { "item": "hospital_lab", "chance": 40 },
        "d": { "item": "dissection", "chance": 30 },
        "M": { "item": "oven", "chance": 90, "repeat": [ 1, 2 ] },
        "z": { "item": "trash", "chance": 80, "repeat": [ 1, 2 ] },
        "C": { "item": "office_paper", "chance": 60, "repeat": [ 1, 2 ] },
        "V": { "item": "waitingroom", "chance": 40, "repeat": [ 1, 2 ] },
        "v": { "item": "office", "chance": 40, "repeat": [ 1, 2 ] },
        "X": [
          { "item": "harddrugs", "chance": 70, "repeat": [ 1, 2 ] },
          { "item": "drugs_rare", "chance": 70, "repeat": [ 1, 2 ] }
        ],
        "D": { "item": "softdrugs", "chance": 90, "repeat": [ 1, 2 ] },
        "O": { "item": "virology_lab_fridge", "chance": 80, "repeat": [ 1, 2 ] },
        "Q": { "item": "hospital_medical_items", "chance": 80, "repeat": [ 1, 2 ] },
        "B": [ { "item": "jackets", "chance": 30 }, { "item": "bags", "chance": 40 } ],
        "P": { "item": "hospital_medical_items", "chance": 80, "repeat": [ 1, 2 ] },
        "F": [ { "item": "bed", "chance": 30, "repeat": [ 1, 2 ] }, { "item": "cleaning", "chance": 60, "repeat": [ 1, 2 ] } ],
        "q": [
          { "item": "vending_drink", "chance": 40, "repeat": [ 1, 2 ] },
          { "item": "prepared_teas", "chance": 30, "repeat": [ 1, 2 ] }
        ]
      },
      "computers": {
        "6": {
          "name": "Centrifuge",
          "options": [ { "name": "Analyze blood", "action": "blood_anal" } ],
          "failures": [ { "action": "destroy_blood" } ]
        }
      },
      "place_monsters": [
        { "monster": "GROUP_ZOMBIE", "x": [ 1, 22 ], "y": [ 5, 22 ], "density": 0.6 },
        { "monster": "GROUP_ZOMBIE", "x": [ 25, 31 ], "y": [ 5, 22 ], "density": 0.6 },
        { "monster": "GROUP_ZOMBIE", "x": [ 32, 42 ], "y": [ 17, 22 ], "density": 0.8 },
        { "monster": "GROUP_ZOMBIE", "x": [ 1, 22 ], "y": [ 25, 31 ], "density": 0.5 },
        { "monster": "GROUP_ZOMBIE", "x": [ 25, 41 ], "y": [ 25, 30 ], "density": 0.6 }
      ]
    }
  },
  {
    "type": "mapgen",
    "method": "json",
    "om_terrain": [ [ "urban_35_5", "urban_35_6", "urban_35_34" ], [ "urban_35_7", "urban_35_8", "urban_35_35" ] ],
    "weight": 250,
    "object": {
      "fill_ter": "t_linoleum_white",
      "rows": [
        ",,,%%%%%%%%,,,,%%%%%%%%%%%%%%%%%,;;;;,[,,,,,[,;;;;;;;;,,,,,,,,,,,,,,,,,,",
        "#################################;;;;,,,,,,,,,;;;;;;;________________;,,",
        "#56JJOJ65|R  Г  ƃ|zb4| cz|QeA  Q#;;;;,[,,,,,[,;;;;;;_________________;,,",
        "# A    A |S     h|Ad |Ad |Q ւ4 s#;;;;,,,,,,,,,;;;;;__________________;,,",
        "#|o|**|o||&**|  h|jjk|jkj|g    s#;;;;;;;;;;;;;;;_____________________;,,",
        "#        |---|ւ  |o*o|o*o|D   jj#;;__________________________________;,,",
        "# Ƨ   Ƨ  |---|          4|    j3#;;__________________________________;,,",
        "#uuUuuUuY|&**|  uuYu     |$$||||#;;__________________________________;,,",
        "# h  h       $  UA u         |  #;;__________________________________;,,",
        "#            $  u AU         $  $;;__________________________________;,,",
        "#riiiiy  ||+||4 uYuu         $  $;;__________________________________;,,",
        "#||||||  |T L|ƃ        |||||||$|#;;__________________________________;,,",
        "#АXXXX|  ||||||+|||||  +       i#;;__________________________________;,,",
        "#А   X|  |4      |L |  |+|+|   i#;;__________________________________;,,",
        "#А   X|  |DDDDOOO|T +  |W|W|BBBz#;;;;;;;;;;;;;;;______________˽˽˽˽˽˽˽;,,",
        "#D   D|  ||||||||||||  |||||||||#############%;;_____________________;,,",
        "#D   D|  |4ւjւ4|4ւjւ|ւ |---|T| L|4ւjւ4|4ւjւ4##;;_____________________;,,",
        "#D   D|  |  j  |  j |  |---| + z|  j  |  j  ##;;_____________________;,,",
        "#||(|||  |jkjkj|jkjk| ւ|&**||| L|jjjkj|jkjkj##;;_____________________;,,",
        "#X) DD|  |g   h|h   |      |T+ y|f   ƃ|g   h#!;;_____________________;,,",
        "#     |  |oo*oo|oo*o|   ƃ  |||+||oo*oo|oo*oo#!;;______________˽˽˽˽˽˽˽;,,",
        "# A A |  $          ƃ                      O#!;;_____________________;,,",
        "#|UYU||  $    f4                           O##;;_____________________;,,",
        "#P   |y  |o*o|oo*oo|oo*oo|oo*oo|  |oo*o|oo*o##;;_____________________;,,",
        "#P  xo  i|E  |h   s|g   h|h   s|ւ |h  s|   g##;;_____________________;,,",
        "#P  xo  i|jjk|jkjkj|jkjkj|jjjkj|  |jjkj|kjkj##;;_____________________;,,",
        "#P   *  i|f  |  j  |  j  |  j  |  |   E| j  #!;;______________˽˽˽˽˽˽˽;,,",
        "#Pqqyo   |4Яg|4Яj4Я|4Яj4Я|4Яj4Я|  |4ЯgY|ЯjgЯ#!;;_____________________;,,",
        "#|||||   |||||||||||||||||||||||$$||||||||||#!;;_____________________;,,",
        "#VHHVE     ƃƃhy|RS<|CtttttC|C h|  |T|C h|Ch ##;;_____________________;,,",
        "#H             *   $    Ƨ  | vv|  + | vv| vv##;;_____________________;,,",
        "#H  E          *  >|  Ƨ    | hh|  |L| hh| hh##;;_____________________;,,",
        "#              |ooo|vUvvvUv|*oo|  |||*oo|*oo#!;;______________˽˽˽˽˽˽˽;,,",
        "#ƃ      v Ƨv   yiiiy                        #!;;_____________________;,,",
        "#H  E   vvUv                      Vhh VhhVhh#!;;_____________________;,,",
        "#H  E                                       ##;;_____________________;,,",
        "#V            yiiziiy     ziiiy iiiiy VhhVhh##;;_____________________;,,",
        "##oooo##o**o#o#######o#**#oooo##oooo##oooo####;;_____________________;,,",
        ",;;;ɔɔ;;;;;;;;;;;;;;;;;;;;;;;;;;ɔɔ`ɔ;;;;;;`;;;;;______________˽˽˽˽˽˽˽;,,",
        "%%%;;;;;;;;;;;;;;;;;;;;;;;;;;;;;;;;;;;;;;;;;;!!;_____________________;,,",
        ",,%;;_________________;;;;_________________;;!!;_____________________;,,",
        ",%;;;_________________;;;;_________________;;!;;_____________________;,,",
        ",%;;__________________;;;;__________________;!;;_____________________;,,",
        ",;;;__________________;;;;__________________;;;______________________;,,",
        ",;;#_________________;;;;;;_________________#;;______________________;,,",
        ",;;__________________;;;;;;__________________________________________;,,",
        ",;;__________________________________________________________________;,,",
        ",;;__________________________________________________________________;,,"
      ],
      "palettes": [ "hospital_2" ],
      "furniture": { "А": "f_locker" },
      "items": {
        "x": { "item": "beauty", "chance": 20, "repeat": [ 1, 2 ] },
        "P": { "item": "vitamin_shop", "chance": 20, "repeat": [ 1, 2 ] },
        "p": [
          { "item": "prepared_teas", "chance": 30, "repeat": [ 1, 2 ] },
          { "item": "vending_drink", "chance": 30 },
          { "item": "snacks", "chance": 40, "repeat": [ 1, 2 ] }
        ],
        "M": { "item": "oven", "chance": 90, "repeat": [ 1, 2 ] },
        "z": { "item": "trash", "chance": 80, "repeat": [ 1, 2 ] },
        "C": { "item": "office_paper", "chance": 60, "repeat": [ 1, 2 ] },
        "V": { "item": "waitingroom", "chance": 40, "repeat": [ 1, 2 ] },
        "v": { "item": "office", "chance": 40, "repeat": [ 1, 2 ] },
        "X": [
          { "item": "harddrugs", "chance": 70, "repeat": [ 1, 2 ] },
          { "item": "drugs_rare", "chance": 70, "repeat": [ 1, 2 ] }
        ],
        "D": { "item": "softdrugs", "chance": 90, "repeat": [ 1, 2 ] },
        "r": { "item": "livingroom", "chance": 35, "repeat": [ 1, 2 ] },
        "s": { "item": "surgery", "chance": 90, "repeat": [ 1, 2 ] },
        "ɱ": { "item": "bed", "chance": 60, "repeat": [ 1, 2 ] },
        "O": { "item": "virology_lab_fridge", "chance": 80, "repeat": [ 1, 2 ] },
        "Q": { "item": "hospital_medical_items", "chance": 80, "repeat": [ 1, 2 ] },
        "B": [ { "item": "jackets", "chance": 30 }, { "item": "bags", "chance": 40 } ],
        "J": { "item": "hospital_medical_items", "chance": 80, "repeat": [ 1, 2 ] },
        "F": [ { "item": "bed", "chance": 30, "repeat": [ 1, 2 ] }, { "item": "cleaning", "chance": 60, "repeat": [ 1, 2 ] } ],
        "q": [
          { "item": "vending_drink", "chance": 40, "repeat": [ 1, 2 ] },
          { "item": "prepared_teas", "chance": 30, "repeat": [ 1, 2 ] }
        ],
        "u": [
          { "item": "tools_medical", "chance": 20, "repeat": [ 1, 2 ] },
          { "item": "cleaning", "chance": 20, "repeat": [ 1, 2 ] },
          { "item": "hospital_medical_items", "chance": 20, "repeat": [ 1, 2 ] }
        ]
      },
      "place_loot": [ { "group": "autodoc_installation_programs", "x": 1, "y": [ 12, 14 ], "chance": 75, "repeat": 3 } ],
      "computers": {
        "6": {
          "name": "Centrifuge",
          "options": [ { "name": "Analyze blood", "action": "blood_anal" } ],
          "failures": [ { "action": "destroy_blood" } ]
        }
      },
      "place_monsters": [
        { "monster": "GROUP_ZOMBIE", "x": [ 1, 22 ], "y": [ 1, 22 ], "density": 0.6 },
        { "monster": "GROUP_ZOMBIE", "x": [ 25, 46 ], "y": [ 1, 22 ], "density": 0.6 },
        { "monster": "GROUP_ZOMBIE", "x": [ 1, 22 ], "y": [ 25, 46 ], "density": 0.6 },
        { "monster": "GROUP_ZOMBIE", "x": [ 25, 46 ], "y": [ 25, 46 ], "density": 0.6 }
      ],
      "place_vehicles": [
        { "vehicle": "ambulance", "x": 41, "y": 9, "chance": 90, "rotation": 0 },
        { "vehicle": "ambulance", "x": 30, "y": 44, "chance": 90, "rotation": 180 },
        { "vehicle": "car_sports", "x": 65, "y": 16, "chance": 50, "rotation": 0 },
        { "vehicle": "pickup", "x": 64, "y": 22, "chance": 50, "rotation": 180 },
        { "vehicle": "electric_car", "x": 65, "y": 29, "chance": 50, "rotation": 0 },
        { "vehicle": "policecar", "x": 65, "y": 36, "chance": 50, "rotation": 180 }
      ]
    }
  },
  {
    "type": "mapgen",
    "method": "json",
    "om_terrain": [ [ "urban_35_9", "urban_35_10" ], [ "urban_35_11", "urban_35_12" ] ],
    "//": "patient floor",
    "weight": 250,
    "object": {
      "fill_ter": "t_linoleum_white",
      "rows": [
        "................................................",
        "#########ooooo###################...............",
        "#r E| VHHƃ ƃ HHV |W T|W T|  |W T#...............",
        "# ^ |            ||+|||+||  ||+|#...............",
        "#jjk+    |&**|   |E 4|4 r|  |4 ro...............",
        "# ^ |   S|---|S  +  ^|Г  +  | Г #...............",
        "#4 r|   R|---|R  |  r|g  |  +kjj#...............",
        "#g f|    |&**|   |E g|ErE|  | Г #...............",
        "#|+||            |||||||||  |r Eo...............",
        "#W T|   ƃƃ4ƃ ƃ              ||||#...............",
        "#||||  |||||||||              |O#...............",
        "#qqL|  |r E|r E|  ||||||      + #...............",
        "#   |  | Г | ^ |  |ODDD|Yu6u  |U#...............",
        "#|| |  +kjj|jjk+  |X   |Ƨ  u  ||#...............",
        "#J  Y  | Г | ^ |  |X   +   u  4f#...............",
        "#J  u  |4 r|4 r|  ||||||||||  ||#############...",
        "#JƧ u  ||+|||+||  |FFPP|---|  |4ւrz|T|T|4ւrz#...",
        "#J  U  |W T|W T|  |   4|---|  |f   + | +   ho...",
        "#||||  |||||||||  ||+|||&**|  |E  L|W|W|E  L#...",
        "#PLP|                         ||+||||||||+||#...",
        "#O4 $                                       o...",
        "#||||  |||||||||        ƃ ƃ                 o...",
        "#W T|  |W T|W T|  |||||||||+||||+||||||||+||#...",
        "#|+||  ||+|||+||  |L +T|W|L gE|E  L|W|W|E  L#...",
        "#4 r|  |4 r|4 r|  +  ||| +    |    + | +    o...",
        "# ^ |  | Г |Г  +  |z +T|T|4Яrz|4Яrz|T|T|4Яrz#...",
        "#jjk+  +kjj|||||  ||||||||||||||||||||||||||#...",
        "# ^ |  | Г |4         uJJJJ| X|4ւrz|T|T|4ւrz#...",
        "#r E|  |r E|   |||||  Y    $ D|f   + | +   ho...",
        "#||||  |||||   o  >o  u Ƨ  | O|E  L|W|W|E  L#...",
        "#W T|  |W T|ƃ  *   *  uuuUu|||||+||||||||+||#...",
        "#|+||  ||+||ƃ  o  <o                        o...",
        "o4 r|  |4 r|ƃ  |||||ƃ                       o...",
        "# ^ |  | Г |    SzR   V||||+||||+||||||||+||#...",
        "#jjk+  +kjj|          H|W|L gE|E  L|W|W|E  L#...",
        "# ^ |  | Г |h         H| +    |    + | +    o...",
        "#r E|  |r E|E  hƃy HHHV|T|4Яrz|4Яrz|T|T|4Яrz#...",
        "##o##oo########oooooo#######o####o###########...",
        "...°°°°°°°°°°°°°°°°°°°°°°°°°°°°°°°°°°°°°°°°°°...",
        "...°°°°°°°°°°°°°°°°°°°°°°°°°°°°°°°°°°°°°°°°°°...",
        "...°°°°°°°°°°°°°°°°°°°°°°°°°°°°°°°°°°°°°°°°°°...",
        "...°°°°°°°°°°°°°°°°°°°°°°°°°°°°°°°°°°°°°°°°°°...",
        "...°°°°°°°°°°°°°°°°°°°°°°°°°°°°°°°°°°°°°°°°°°...",
        "...°°°°°°°°°°°°°°°°°°°°°°°°°°°°°°°°°°°°°°°°°°...",
        "...°°°°°°°°°°°°°°°°°°°°°°°°°°°°°°°°°°°°°°°°°°...",
        "................................................",
        "................................................",
        "................................................"
      ],
      "palettes": [ "hospital_2" ],
      "items": {
        "p": [
          { "item": "prepared_teas", "chance": 30, "repeat": [ 1, 2 ] },
          { "item": "vending_drink", "chance": 30 },
          { "item": "snacks", "chance": 40, "repeat": [ 1, 2 ] }
        ],
        "M": { "item": "oven", "chance": 90, "repeat": [ 1, 2 ] },
        "z": { "item": "trash", "chance": 80, "repeat": [ 1, 2 ] },
        "C": { "item": "office_paper", "chance": 60, "repeat": [ 1, 2 ] },
        "V": { "item": "waitingroom", "chance": 40, "repeat": [ 1, 2 ] },
        "v": { "item": "office", "chance": 40, "repeat": [ 1, 2 ] },
        "X": [
          { "item": "harddrugs", "chance": 70, "repeat": [ 1, 2 ] },
          { "item": "drugs_rare", "chance": 70, "repeat": [ 1, 2 ] }
        ],
        "D": { "item": "softdrugs", "chance": 90, "repeat": [ 1, 2 ] },
        "r": { "item": "livingroom", "chance": 35, "repeat": [ 1, 2 ] },
        "x": { "item": "surgery", "chance": 80, "repeat": [ 1, 2 ] },
        "s": { "item": "surgery", "chance": 90, "repeat": [ 1, 2 ] },
        "ɱ": { "item": "bed", "chance": 60, "repeat": [ 1, 2 ] },
        "O": { "item": "virology_lab_fridge", "chance": 80, "repeat": [ 1, 2 ] },
        "Q": { "item": "hospital_medical_items", "chance": 80, "repeat": [ 1, 2 ] },
        "B": [ { "item": "jackets", "chance": 30 }, { "item": "bags", "chance": 40 } ],
        "P": { "item": "hospital_medical_items", "chance": 80, "repeat": [ 1, 2 ] },
        "J": { "item": "hospital_medical_items", "chance": 80, "repeat": [ 1, 2 ] },
        "F": [ { "item": "bed", "chance": 30, "repeat": [ 1, 2 ] }, { "item": "cleaning", "chance": 60, "repeat": [ 1, 2 ] } ],
        "q": [
          { "item": "vending_drink", "chance": 40, "repeat": [ 1, 2 ] },
          { "item": "prepared_teas", "chance": 30, "repeat": [ 1, 2 ] }
        ],
        "u": [
          { "item": "tools_medical", "chance": 20, "repeat": [ 1, 2 ] },
          { "item": "cleaning", "chance": 20, "repeat": [ 1, 2 ] },
          { "item": "hospital_medical_items", "chance": 20, "repeat": [ 1, 2 ] }
        ]
      },
      "place_monsters": [
        { "monster": "GROUP_ZOMBIE", "x": [ 1, 22 ], "y": [ 5, 22 ], "density": 0.5 },
        { "monster": "GROUP_ZOMBIE", "x": [ 25, 43 ], "y": [ 16, 22 ], "density": 0.5 },
        { "monster": "GROUP_ZOMBIE", "x": [ 1, 22 ], "y": [ 25, 31 ], "density": 0.5 },
        { "monster": "GROUP_ZOMBIE", "x": [ 25, 43 ], "y": [ 25, 31 ], "density": 0.5 }
      ]
    }
  },
  {
    "type": "mapgen",
    "method": "json",
    "om_terrain": [ [ "urban_35_13", "urban_35_14" ], [ "urban_35_15", "urban_35_16" ] ],
    "//": "patient floor",
    "weight": 250,
    "object": {
      "fill_ter": "t_linoleum_white",
      "rows": [
        "................................................",
        "#########ooooo###################...............",
        "#r E| VHHƃ ƃ HHV |W T|W T|  |W T#...............",
        "# ^ |            ||+|||+||  ||+|#...............",
        "#jjk+    |&**|   |E 4|4 r|  |4 ro...............",
        "# ^ |   S|---|S  +  ^|Г  +  | Г #...............",
        "#4 r|   R|---|R  |  r|g  |  +kjj#...............",
        "#g f|    |&**|   |E g|ErE|  | Г #...............",
        "#|+||            |||||||||  |r Eo...............",
        "#W T|   ƃƃ4ƃ ƃ              ||||#...............",
        "#||||  |||||||||              |O#...............",
        "#qqL|  |r E|r E|  ||||||      + #...............",
        "#   |  | Г | ^ |  |ODDD|Yu6u  |U#...............",
        "#|| |  +kjj|jjk+  |X   |Ƨ  u  ||#...............",
        "#J  Y  | Г | ^ |  |X   +   u  4f#...............",
        "#J Ƨu  |4 r|4 r|  ||||||||||  ||#############...",
        "#J  u  ||+|||+||  |FFPP|---|  |4ւrz|T|T|4ւrz#...",
        "#J  U  |W T|W T|  |   4|---|  |f   + | +   ho...",
        "#||||  |||||||||  ||+|||&**|  |E  L|W|W|E  L#...",
        "#PLP|                         ||+||||||||+||#...",
        "#O4 $                                       o...",
        "#||||  |||||||||        ƃ ƃ                 o...",
        "#W T|  |W T|W T|  |||||||||+||||+||||||||+||#...",
        "#|+||  ||+|||+||  |L +T|W|L gE|E  L|W|W|E  L#...",
        "#4 r|  |4 r|4 r|  +  ||| +    |    + | +    o...",
        "# ^ |  | Г |Г  +  |z +T|T|4Яrz|4Яrz|T|T|4Яrz#...",
        "#jjk+  +kjj|||||  ||||||||||||||||||||||||||#...",
        "# ^ |  | Г |4         uJJJJ| X|4ւrz|T|T|4ւrz#...",
        "#r E|  |r E|   |||||  u    $ D|f   + | +   ho...",
        "#||||  |||||   o  <o  Y Ƨ  | O|E  L|W|W|E  L#...",
        "#W T|  |W T|ƃ  *   *  uuuUu|||||+||||||||+||#...",
        "#|+||  ||+||ƃ  o  >o                        o...",
        "o4 r|  |4 r|ƃ  |||||ƃ                       o...",
        "# ^ |  | Г |    SzR   V||||+||||+||||||||+||#...",
        "#jjk+  +kjj|          H|W|L gE|E  L|W|W|E  L#...",
        "# ^ |  | Г |h         H| +    |    + | +    o...",
        "#r E|  |r E|E  hƃy HHHV|T|4Яrz|4Яrz|T|T|4Яrz#...",
        "##o##oo########oooooo#######o####o###########...",
        "................................................",
        "................................................",
        "................................................",
        "................................................",
        "................................................",
        "................................................",
        "................................................",
        "................................................",
        "................................................",
        "................................................"
      ],
      "palettes": [ "hospital_2" ],
      "items": {
        "p": [
          { "item": "prepared_teas", "chance": 30, "repeat": [ 1, 2 ] },
          { "item": "vending_drink", "chance": 30 },
          { "item": "snacks", "chance": 40, "repeat": [ 1, 2 ] }
        ],
        "M": { "item": "oven", "chance": 90, "repeat": [ 1, 2 ] },
        "z": { "item": "trash", "chance": 80, "repeat": [ 1, 2 ] },
        "C": { "item": "office_paper", "chance": 60, "repeat": [ 1, 2 ] },
        "V": { "item": "waitingroom", "chance": 40, "repeat": [ 1, 2 ] },
        "v": { "item": "office", "chance": 40, "repeat": [ 1, 2 ] },
        "X": [
          { "item": "harddrugs", "chance": 70, "repeat": [ 1, 2 ] },
          { "item": "drugs_rare", "chance": 70, "repeat": [ 1, 2 ] }
        ],
        "D": { "item": "softdrugs", "chance": 90, "repeat": [ 1, 2 ] },
        "r": { "item": "livingroom", "chance": 35, "repeat": [ 1, 2 ] },
        "x": { "item": "surgery", "chance": 80, "repeat": [ 1, 2 ] },
        "s": { "item": "surgery", "chance": 90, "repeat": [ 1, 2 ] },
        "ɱ": { "item": "bed", "chance": 60, "repeat": [ 1, 2 ] },
        "O": { "item": "virology_lab_fridge", "chance": 80, "repeat": [ 1, 2 ] },
        "Q": { "item": "hospital_medical_items", "chance": 80, "repeat": [ 1, 2 ] },
        "B": [ { "item": "jackets", "chance": 30 }, { "item": "bags", "chance": 40 } ],
        "P": { "item": "hospital_medical_items", "chance": 80, "repeat": [ 1, 2 ] },
        "J": { "item": "hospital_medical_items", "chance": 80, "repeat": [ 1, 2 ] },
        "F": [ { "item": "bed", "chance": 30, "repeat": [ 1, 2 ] }, { "item": "cleaning", "chance": 60, "repeat": [ 1, 2 ] } ],
        "q": [
          { "item": "vending_drink", "chance": 40, "repeat": [ 1, 2 ] },
          { "item": "prepared_teas", "chance": 30, "repeat": [ 1, 2 ] }
        ],
        "u": [
          { "item": "tools_medical", "chance": 20, "repeat": [ 1, 2 ] },
          { "item": "cleaning", "chance": 20, "repeat": [ 1, 2 ] },
          { "item": "hospital_medical_items", "chance": 20, "repeat": [ 1, 2 ] }
        ]
      },
      "place_monsters": [
        { "monster": "GROUP_ZOMBIE", "x": [ 1, 22 ], "y": [ 5, 22 ], "density": 0.5 },
        { "monster": "GROUP_HOSPITAL_INCUBATOR", "x": [ 19, 22 ], "y": [ 5, 11 ], "density": 0.5 },
        { "monster": "GROUP_ZOMBIE", "x": [ 25, 43 ], "y": [ 16, 22 ], "density": 0.5 },
        { "monster": "GROUP_HOSPITAL_INCUBATOR", "x": [ 25, 30 ], "y": [ 5, 14 ], "density": 0.5 },
        { "monster": "GROUP_ZOMBIE", "x": [ 1, 22 ], "y": [ 25, 31 ], "density": 0.5 },
        { "monster": "GROUP_ZOMBIE", "x": [ 25, 43 ], "y": [ 25, 31 ], "density": 0.5 }
      ]
    }
  },
  {
    "type": "mapgen",
    "method": "json",
    "//": "surgical floor",
    "om_terrain": [ [ "urban_35_17", "urban_35_18" ], [ "urban_35_19", "urban_35_20" ] ],
    "weight": 250,
    "object": {
      "fill_ter": "t_linoleum_white",
      "rows": [
        "................................................",
        "##oooooooooo#####################...............",
        "#rHHHHy   zRS|z b4 |U PP U|z c4 #...............",
        "oH           |Q dA ov    vo Ad Q#...............",
        "oH       |&**|Q    ovƧ   vo    Q#...............",
        "o  ErE   |---|jjjkj|v  Ƨ v|jjjkj#...............",
        "o        |---|     |y    z|     #...............",
        "o HHrHH  |&**|oo*oo|oo**oo|oo*oo#...............",
        "o            |                  #...............",
        "o HHrHH      | ^               ƃ#...............",
        "o            | ^          |||+||#...............",
        "o            |ƃ          ƃ|L   T#...............",
        "#   |ooo**ooo| ^         ƃ||||||#...............",
        "#   | v      *            +     #...............",
        "#   |hv  iiiyo   HHrHH    |UUQQQ#...............",
        "#   ||||||||||||||||||||||||||||#############...",
        "#   | hvh |   h |f    s|---|                #...",
        "#   | hvh | vvv |N  s n|---|                o...",
        "#   | hvh |     |N  s n|&$|||||||||||||||   #...",
        "#   |     |     |g    s|   |QeA s|QeA  s|   #...",
        "#   ||o*o|||o*o|||||$||||$||D ւ4s|D ւ4 s|   o...",
        "#   |                      |     |      |   o...",
        "#   ||  ||||||||||||||     |oo*oo|oo*ooo|   #...",
        "#   |    vh Q ւjւjւ  |                  |   #...",
        "#   |    v  Q  j j   |      k     ||*||||   o...",
        "#   $                *   |Я j Я|  |t X|n    #...",
        "#   |       Q  j j   |   |||||||  |t D|N    #...",
        "#   |       Q ЯjЯjЯ  |   |ւ j ւ|  |t O|N    #...",
        "#   |ЯЯЯ Я  ||||||||||      k     ||*||||   o...",
        "#  ||||||||||RS|  >|F||                 |   #...",
        "#  )QQQQQQQQ)z $   |F +    |oo*oo|oo*ooo|   #...",
        "#  (        (  |  <|F |    |     |      |   o...",
        "#  |XXX XXOO|||||||||||    |D Я4s|D ml s|   o...",
        "#  ||||()||||W |T|T| W|    |QeA s|QeA  s|   #...",
        "#  |z    BBB|    |    |    ||||||||||||||   #...",
        "#  $        |||+||||+||    $                o...",
        "#  |  iii             $    $                #...",
        "##o##oo#####################o####o###########...",
        "................................................",
        "................................................",
        "................................................",
        "................................................",
        "................................................",
        "................................................",
        "................................................",
        "................................................",
        "................................................",
        "................................................"
      ],
      "palettes": [ "hospital_2" ],
      "items": {
        "p": [
          { "item": "prepared_teas", "chance": 30, "repeat": [ 1, 2 ] },
          { "item": "vending_drink", "chance": 30 },
          { "item": "snacks", "chance": 40, "repeat": [ 1, 2 ] }
        ],
        "M": { "item": "oven", "chance": 90, "repeat": [ 1, 2 ] },
        "z": { "item": "trash", "chance": 80, "repeat": [ 1, 2 ] },
        "C": { "item": "office_paper", "chance": 60, "repeat": [ 1, 2 ] },
        "V": { "item": "waitingroom", "chance": 40, "repeat": [ 1, 2 ] },
        "v": { "item": "office", "chance": 40, "repeat": [ 1, 2 ] },
        "X": [
          { "item": "harddrugs", "chance": 70, "repeat": [ 1, 2 ] },
          { "item": "drugs_rare", "chance": 70, "repeat": [ 1, 2 ] }
        ],
        "D": { "item": "softdrugs", "chance": 90, "repeat": [ 1, 2 ] },
        "r": { "item": "livingroom", "chance": 35, "repeat": [ 1, 2 ] },
        "x": { "item": "surgery", "chance": 80, "repeat": [ 1, 2 ] },
        "s": { "item": "surgery", "chance": 90, "repeat": [ 1, 2 ] },
        "ɱ": { "item": "bed", "chance": 60, "repeat": [ 1, 2 ] },
        "O": { "item": "virology_lab_fridge", "chance": 80, "repeat": [ 1, 2 ] },
        "Q": { "item": "hospital_medical_items", "chance": 80, "repeat": [ 1, 2 ] },
        "B": [ { "item": "jackets", "chance": 30 }, { "item": "bags", "chance": 40 } ],
        "P": { "item": "hospital_medical_items", "chance": 80, "repeat": [ 1, 2 ] },
        "J": { "item": "hospital_medical_items", "chance": 80, "repeat": [ 1, 2 ] },
        "F": [ { "item": "bed", "chance": 30, "repeat": [ 1, 2 ] }, { "item": "cleaning", "chance": 60, "repeat": [ 1, 2 ] } ],
        "q": [
          { "item": "vending_drink", "chance": 40, "repeat": [ 1, 2 ] },
          { "item": "prepared_teas", "chance": 30, "repeat": [ 1, 2 ] }
        ],
        "u": [
          { "item": "tools_medical", "chance": 20, "repeat": [ 1, 2 ] },
          { "item": "cleaning", "chance": 20, "repeat": [ 1, 2 ] },
          { "item": "hospital_medical_items", "chance": 20, "repeat": [ 1, 2 ] }
        ]
      },
      "place_monsters": [
        { "monster": "GROUP_ZOMBIE", "x": [ 1, 22 ], "y": [ 5, 22 ], "density": 0.5 },
        { "monster": "GROUP_HOSPITAL_INCUBATOR", "x": [ 19, 22 ], "y": [ 5, 11 ], "density": 0.5 },
        { "monster": "GROUP_ZOMBIE", "x": [ 25, 43 ], "y": [ 16, 22 ], "density": 0.5 },
        { "monster": "GROUP_HOSPITAL_INCUBATOR", "x": [ 25, 30 ], "y": [ 5, 14 ], "density": 0.5 },
        { "monster": "GROUP_ZOMBIE", "x": [ 1, 22 ], "y": [ 25, 31 ], "density": 0.5 },
        { "monster": "GROUP_ZOMBIE", "x": [ 25, 43 ], "y": [ 25, 31 ], "density": 0.5 }
      ]
    }
  },
  {
    "type": "mapgen",
    "method": "json",
    "//": "maternity floor",
    "om_terrain": [ [ "urban_35_21", "urban_35_22" ], [ "urban_35_23", "urban_35_24" ] ],
    "weight": 250,
    "object": {
      "fill_ter": "t_linoleum_white",
      "rows": [
        "................................................",
        "###o###oo########oo####oooooooo##...............",
        "#E  VE|ƃƃ|z T|T |ƃƃ|i   0 1 2 3 #...............",
        "#f   f|  +  L|L +  |i           o...............",
        "oV    +  ||||||||  +  ƃ         o...............",
        "#E   f|  |---|PF|  | ii ƃ  JJJJJ#...............",
        "#f   E|  |---|  +  |||||||||||||#...............",
        "oV   E|  |&**||||          |h  y#...............",
        "#E   f|  |      ||+||||||| +  vho...............",
        "#f    +  |      oh   v  z| |h v #...............",
        "#VfEVz|  |      oh   v Ƨ | |||||#...............",
        "#||||||  ||||   *    vvvv| |h  y#...............",
        "#FF5JJO   h o   oh      z| +  vho...............",
        "#         vvo   oh       |+|h v #...............",
        "#||||||     *   | hh hh h|F|Kuuu#...............",
        "#hv  E|     o   ||||||||||||||||#############...",
        "o v   +     o   |ptttSR|---|JJF| 7 7 7 7 7 7#...",
        "#y   E|yEVE o   |      |---|   |            o...",
        "#||||||||||||   + hVh h|&$|||$|||*ooooooooo|#...",
        "#FD| ii ii ii   | hVh V|   |   |            #...",
        "#F +            ||||||||   $   +       uuuuuo...",
        "#FD|                      z|   | E HH  YƧ  J#...",
        "#|||ooo||oo**oo|||||||||||||  ||||||||||||||#...",
        "#  VHHH         E  v  C|   |  |4  r|T|T|z4 r#...",
        "o                  vh C|hv +  |H ւ + | +  ւ o...",
        "#   EVE               C| v |  |H  z|L|L|HH  #...",
        "o                  |||||||||  ||+|||||||||+|#...",
        "o           EVE    +                        #...",
        "oH  E  EVE |||||o*o|||||  ||||||uYuuuuu|||||#...",
        "#H         +  T|  <|K Eo  |JJJJ|  Ƨ    |FFFP#...",
        "#HHHV  KKKK|z L|   |E ro  $    $    Ƨ  $    #...",
        "#|||||||||||||||  >|o*o|  ||||||uYuuuuu|||||#...",
        "# 4ւxWW|WWxւ   |||||                        o...",
        "#    WW|WW    h|qqJ|   ||||+||||+||||||||+||#...",
        "#h    z|      z|   +   |H   |L|H  E|L|L|E  H#...",
        "#||*|||||||*||||||||   |H   | |H   + | +   Ho...",
        "#                      |y Яr|T|yЯrz|T|T| Яrz#...",
        "#####oo########oooooo#######o####o######o####...",
        "................................................",
        "................................................",
        "................................................",
        "................................................",
        "................................................",
        "................................................",
        "................................................",
        "................................................",
        "................................................",
        "................................................"
      ],
      "palettes": [ "hospital_2" ],
      "terrain": {  },
      "furniture": {
        "W": "f_bathtub",
        "0": [ "f_ergometer", "f_ergometer_mechanical" ],
        "1": [ "f_treadmill", "f_treadmill_mechanical" ],
        "2": "f_exercise",
        "3": "f_punching_bag",
        "7": "f_bed"
      },
      "items": {
        "K": [ { "item": "toy_box", "chance": 20, "repeat": [ 1, 2 ] }, { "item": "games", "chance": 80, "repeat": [ 1, 2 ] } ],
        "7": { "item": "hospital_incubator", "chance": 50 },
        "t": { "item": "kitchen_appliances", "chance": 50 },
        "p": [
          { "item": "prepared_teas", "chance": 30, "repeat": [ 1, 2 ] },
          { "item": "vending_drink", "chance": 30 },
          { "item": "snacks", "chance": 40, "repeat": [ 1, 2 ] }
        ],
        "M": { "item": "oven", "chance": 90, "repeat": [ 1, 2 ] },
        "z": { "item": "trash", "chance": 80, "repeat": [ 1, 2 ] },
        "C": { "item": "office_paper", "chance": 60, "repeat": [ 1, 2 ] },
        "V": { "item": "waitingroom", "chance": 40, "repeat": [ 1, 2 ] },
        "v": { "item": "office", "chance": 40, "repeat": [ 1, 2 ] },
        "X": [
          { "item": "harddrugs", "chance": 70, "repeat": [ 1, 2 ] },
          { "item": "drugs_rare", "chance": 70, "repeat": [ 1, 2 ] }
        ],
        "D": { "item": "softdrugs", "chance": 90, "repeat": [ 1, 2 ] },
        "r": { "item": "livingroom", "chance": 35, "repeat": [ 1, 2 ] },
        "x": { "item": "surgery", "chance": 80, "repeat": [ 1, 2 ] },
        "s": { "item": "surgery", "chance": 90, "repeat": [ 1, 2 ] },
        "ɱ": { "item": "bed", "chance": 60, "repeat": [ 1, 2 ] },
        "O": { "item": "virology_lab_fridge", "chance": 80, "repeat": [ 1, 2 ] },
        "Q": { "item": "hospital_medical_items", "chance": 80, "repeat": [ 1, 2 ] },
        "B": [ { "item": "jackets", "chance": 30 }, { "item": "bags", "chance": 40 } ],
        "P": { "item": "hospital_medical_items", "chance": 80, "repeat": [ 1, 2 ] },
        "J": { "item": "hospital_medical_items", "chance": 80, "repeat": [ 1, 2 ] },
        "F": [ { "item": "bed", "chance": 30, "repeat": [ 1, 2 ] }, { "item": "cleaning", "chance": 60, "repeat": [ 1, 2 ] } ],
        "q": [
          { "item": "vending_drink", "chance": 40, "repeat": [ 1, 2 ] },
          { "item": "prepared_teas", "chance": 30, "repeat": [ 1, 2 ] }
        ],
        "u": [
          { "item": "tools_medical", "chance": 20, "repeat": [ 1, 2 ] },
          { "item": "cleaning", "chance": 20, "repeat": [ 1, 2 ] },
          { "item": "hospital_medical_items", "chance": 20, "repeat": [ 1, 2 ] }
        ]
      },
      "place_monsters": [
        { "monster": "GROUP_ZOMBIE", "x": [ 1, 22 ], "y": [ 5, 22 ], "density": 0.5 },
        { "monster": "GROUP_HOSPITAL_INCUBATOR", "x": [ 19, 22 ], "y": [ 5, 11 ], "density": 0.5 },
        { "monster": "GROUP_ZOMBIE", "x": [ 25, 43 ], "y": [ 16, 22 ], "density": 0.5 },
        { "monster": "GROUP_HOSPITAL_INCUBATOR", "x": [ 25, 30 ], "y": [ 5, 14 ], "density": 0.5 },
        { "monster": "GROUP_ZOMBIE", "x": [ 1, 22 ], "y": [ 25, 31 ], "density": 0.5 },
        { "monster": "GROUP_ZOMBIE", "x": [ 25, 43 ], "y": [ 25, 31 ], "density": 0.5 }
      ]
    }
  },
  {
    "type": "mapgen",
    "method": "json",
    "//": "admin and cafe floor",
    "om_terrain": [ [ "urban_35_25", "urban_35_26" ], [ "urban_35_27", "urban_35_28" ] ],
    "weight": 250,
    "object": {
      "fill_ter": "t_linoleum_white",
      "rows": [
        "................................................",
        "_____________________############...............",
        "_____________________#   | HHH  #...............",
        "_______˽______˽______o   |     Eo...............",
        "_______˽______˽______o   |     Vo...............",
        "_______˽______˽______#   | HHH  #...............",
        "_______˽______˽______#   |      #...............",
        "_______˽˽˽˽˽˽˽˽______*   +   AA #...............",
        "_______˽______˽______*   |  tttto...............",
        "_______˽______˽______#   |      o...............",
        "_______˽______˽______#   |LJJJqq#...............",
        "_______˽______˽______o   |||||||#...............",
        "_____________________o          #...............",
        "_____________________o          o...............",
        "_____________________#          #...............",
        "##ooo#########ooo#####$#&$$##**#####ooo#ooo##...",
        "#     |CCCCC|  h C|T+ u|---|    |hh hh hh hh#...",
        "o hVh |C v C| vv  ||| L|---|    |xx xx xx xxo...",
        "o hVh |Chv C|     |T| u|&$$|    |hh hh hh hho...",
        "o hVh |C   C|HH  y| + L|        |           #...",
        "o hVh |||+|||||+|||||+||        |           #...",
        "#     +                |   ||||||hh hh hh hho...",
        "#||||||  hv hv hv hv   +   |T|Lz|xx xx xx xxo...",
        "# v E|    v  v  v  v   +   | +  |hh hh hh hho...",
        "ohv  +                 |   ||||+|           #...",
        "#|||||   hv  |||||||||||                    #...",
        "# v  +    v  |  iizii            hh hh hh hho...",
        "ohv E|      z|           RS|z    xx xx xx xxo...",
        "#|||||||||||||+|o*o|||||||||     hh hh hh hho...",
        "#V  +  KKKKSR  |  >|FFFFF|z|                #...",
        "o77E|          ||$||F    + ||  |||||||||  ||#...",
        "#|||| ||||| hVh|  <|FFFFF|      ttttttt    to...",
        "#V  + + VE| hVh|||||||||||p                to...",
        "o77E| | 77| hVh|T|T|ii +W|p                to...",
        "#|||| |||||    |+|+|   |||p     ttttttt |  |#...",
        "#V  + + VE|H   +   +   + |p             |A Lo...",
        "o77E| | 77|HHHV|LzL|ii |W|z FF  MMMJMMM |  L#...",
        "#####o##o####################################...",
        "................................................",
        "................................................",
        "................................................",
        "................................................",
        "................................................",
        "................................................",
        "................................................",
        "................................................",
        "................................................",
        "................................................"
      ],
      "palettes": [ "hospital_2" ],
      "place_vehicles": [ { "vehicle": "2seater2", "x": 10, "y": 6, "chance": 50, "rotation": 270 } ],
      "furniture": { "7": "f_bed" },
      "items": {
        "p": [
          { "item": "restaur_fridge", "chance": 20, "repeat": [ 1, 2 ] },
          { "item": "baked_goods", "chance": 20 },
          { "item": "fridge", "chance": 10, "repeat": [ 1, 2 ] }
        ],
        "M": { "item": "oven", "chance": 20, "repeat": [ 1, 2 ] },
        "C": { "item": "office_paper", "chance": 20, "repeat": [ 1, 2 ] },
        "7": { "item": "bed", "chance": 20, "repeat": [ 1, 2 ] },
        "V": { "item": "textbooks", "chance": 20, "repeat": [ 1, 2 ] },
        "v": { "item": "office", "chance": 20, "repeat": [ 1, 2 ] },
        "x": { "item": "dining", "chance": 20, "repeat": [ 1, 2 ] },
        "F": [
          { "item": "restaur_kitchen", "chance": 20, "repeat": [ 1, 2 ] },
          { "item": "groce_bread", "chance": 20, "repeat": [ 1, 2 ] },
          { "item": "pantry", "chance": 20, "repeat": [ 1, 2 ] },
          { "item": "groce_condiment", "chance": 20, "repeat": [ 1, 2 ] }
        ],
        "z": { "item": "trash", "chance": 80, "repeat": [ 1, 2 ] },
        "K": [
          { "item": "doctors_books", "chance": 100, "repeat": [ 1, 2 ] },
          { "item": "lab_bookshelves", "chance": 40, "repeat": [ 1, 2 ] }
        ],
        "X": [
          { "item": "harddrugs", "chance": 70, "repeat": [ 1, 2 ] },
          { "item": "drugs_rare", "chance": 70, "repeat": [ 1, 2 ] }
        ],
        "D": { "item": "softdrugs", "chance": 90, "repeat": [ 1, 2 ] },
        "r": { "item": "livingroom", "chance": 35, "repeat": [ 1, 2 ] },
        "B": [ { "item": "jackets", "chance": 30 }, { "item": "bags", "chance": 40 } ],
        "q": [
          { "item": "vending_drink", "chance": 40, "repeat": [ 1, 2 ] },
          { "item": "prepared_teas", "chance": 30, "repeat": [ 1, 2 ] }
        ],
        "u": [
          { "item": "tools_medical", "chance": 20, "repeat": [ 1, 2 ] },
          { "item": "cleaning", "chance": 20, "repeat": [ 1, 2 ] },
          { "item": "hospital_medical_items", "chance": 20, "repeat": [ 1, 2 ] }
        ]
      },
      "place_monsters": [
        { "monster": "GROUP_ZOMBIE", "x": [ 1, 22 ], "y": [ 5, 22 ], "density": 0.5 },
        { "monster": "GROUP_ZOMBIE", "x": [ 25, 43 ], "y": [ 16, 22 ], "density": 0.1 },
        { "monster": "GROUP_ZOMBIE", "x": [ 25, 30 ], "y": [ 5, 14 ], "density": 0.3 },
        { "monster": "GROUP_ZOMBIE", "x": [ 1, 22 ], "y": [ 25, 31 ], "density": 0.5 },
        { "monster": "GROUP_ZOMBIE", "x": [ 25, 43 ], "y": [ 25, 31 ], "density": 0.1 }
      ]
    }
  },
  {
    "type": "mapgen",
    "method": "json",
    "om_terrain": [ [ "urban_35_29", "urban_35_30" ], [ "urban_35_31", "urban_35_32" ] ],
    "weight": 250,
    "object": {
      "fill_ter": "t_flat_roof",
      "rows": [
        "                                                ",
        "                     |22222222223               ",
        "                     |..........3               ",
        "                     |..........3               ",
        "                     |..........3               ",
        "                     |..........3               ",
        "                     |....X.....3               ",
        "                     |..........3               ",
        "                     |..........3               ",
        "                     |..........3               ",
        "                     |....&&....3               ",
        "                     |..........3               ",
        "                     |..........3               ",
        "                     |..........3               ",
        "                     |..........3               ",
        "|222222222222222222222..........2222222222223   ",
        "|...........................................3   ",
        "|...........................................3   ",
        "|...........................................3   ",
        "|...........................................3   ",
        "|...........................................3   ",
        "| .......&&.......................&&........3   ",
        "|...........................................3   ",
        "|...........................................3   ",
        "|...#############...........................3   ",
        "|...#66r66r66r66#...........................3   ",
        "|...#66_66_66_66#..................&&.......3   ",
        "|...#___________#...........................3   ",
        "|...##########_##+##........................3   ",
        "|...#AAAAAAAAA_#__L#........................3   ",
        "|...#r_________+__L#<.......................3   ",
        "|...#1111111111#__>#.......XXX..XXX..XXX....3   ",
        "|...################........................3   ",
        "|....ЯЯЯЯЯЯЯЯЯЯ.............................3   ",
        "|..........................XXX..XXX..XXX....3   ",
        "|...........................................3   ",
        "|...........................................3   ",
        "|-------------------------------------------3   ",
        "                                                ",
        "                                                ",
        "                                                ",
        "                                                ",
        "                                                ",
        "                                                ",
        "                                                ",
        "                                                ",
        "                                                ",
        "                                                "
      ],
      "palettes": [ "roof_palette" ],
      "terrain": {
        "<": "t_ladder_up",
        ">": "t_stairs_down",
        "#": "t_strconc_wall",
        "+": "t_door_metal_c",
        "_": "t_thconc_floor",
        "1": "t_thconc_floor",
        "r": "t_thconc_floor",
        "L": "t_thconc_floor",
        "A": "t_thconc_floor",
        "6": "t_thconc_floor"
      },
      "items": {
        "L": [ { "item": "jackets", "chance": 50 }, { "item": "bags", "chance": 50 } ],
        "r": [ { "item": "tools_mechanic", "chance": 40 }, { "item": "tools_common", "chance": 80 } ]
      },
      "furniture": { "1": "f_water_purifier", "6": "f_generator_broken" },
      "place_monsters": [
        { "monster": "GROUP_ZOMBIE", "x": [ 3, 20 ], "y": [ 5, 20 ], "density": 0.06 },
        { "monster": "GROUP_ZOMBIE", "x": [ 3, 20 ], "y": [ 25, 30 ], "density": 0.06 }
      ]
    }
  },
  {
    "type": "mapgen",
    "method": "json",
    "om_terrain": [ "urban_35_33" ],
    "weight": 250,
    "object": {
      "fill_ter": "t_flat_roof",
      "rows": [
        "    .............       ",
        "    .............       ",
        "    .............       ",
        "    .............       ",
        "    ................    ",
        "    ................##  ",
        "    ................>#  ",
        "    ................##  ",
        "    ................    ",
        "                        ",
        "                        ",
        "                        ",
        "                        ",
        "                        ",
        "                        ",
        "                        ",
        "                        ",
        "                        ",
        "                        ",
        "                        ",
        "                        ",
        "                        ",
        "                        ",
        "                        "
      ],
      "palettes": [ "roof_palette" ],
      "terrain": { ">": "t_ladder_down" }
    }
  }
]
